id,domain,status,purchase_price,renewal_price,attractiveness,demand,length,registrar,created_at,expires_at,status_verified_at
ba4ecc81-16f5-4988-84cf-9319aa66e782,finance.loan,premium,5458.82,109.69,high,medium,7,porkbun,,,09/10/2026 18:59
3f564bda-7263-4f83-a49b-305e209dfca1,bank.free,premium,1035.2,1035.2,high,medium,4,spaceship,,,10/10/2026 03:15
0fbbcc76-dd65-4504-9954-1b9a1f872ba0,bank.promo,premium,3450,3450,high,medium,4,namesilo,,,10/10/2026 03:15
c1f093a0-e76b-471f-b53a-dae7668282f8,bank.gmbh,resell,,,high,medium,4,Atom.com Domains LLC,24/08/2025 20:15,24/08/2027 20:15,10/10/2026 03:15
d438dd23-ed18-48a2-a8ad-38d4a36f5225,bank.rentals,premium,118.8,118.8,high,medium,4,namesilo,,,10/10/2026 03:15
384fbf81-912e-4490-a923-6a44b9bf2c61,bank.money,resell,,,high,medium,4,1API GmbH,07/03/2015 18:39,07/03/2027 18:39,10/10/2026 03:15
53e41028-9907-44b2-b871-a572690ae97c,banking.loans,premium,242,242,high,low,7,namesilo,,,29/09/2026 01:02
af17e054-b0ef-43a7-9830-daa93e241f6e,bank.consulting,premium,512,512,high,medium,4,namesilo,,,10/10/2026 03:15
c82e0a9a-9c17-4a4d-86a6-9a95abf0b9f3,bank.icu,premium,106.8,227.84,high,medium,4,namesilo,,,10/10/2026 03:15
5ffec05d-8db5-4ed9-9289-4840a96a565e,bank.legal,premium,68.51,68.51,high,medium,4,spaceship,,,10/10/2026 03:15
3539daee-bacc-4f21-b3bc-00dfa836165e,bank.srl,premium,54.28,30.68,high,medium,4,namesilo,,,10/10/2026 03:15
f9c99a8e-cc9f-4533-920f-529bf6b007c6,bank.tax,resell,,,high,medium,4,"DNSPod, Inc.",22/01/2021 14:36,22/01/2027 14:36,10/10/2026 03:15
96bd73b8-38c8-4ad0-a38e-65ff1fb2acae,bank.studio,resell,,,high,medium,4,Squarespace Domains II LLC,14/06/2023 15:15,14/06/2027 15:15,10/10/2026 03:15
1fe90dfb-1bd9-41b0-833b-8ab3e54514c1,bank.storage,available,465.95,500.2,high,medium,4,spaceship,,,10/10/2026 03:15
5afd2f5d-bbd0-4102-9349-c517034e091b,bank.discount,resell,,,high,medium,4,Dynadot Inc,15/05/2026 17:00,15/05/2027 17:00,10/10/2026 03:15
faa0f7f2-d52d-47b5-a114-2ca3920a0e66,bank.university,available,48.2,48.2,high,medium,4,cloudflare,,,10/10/2026 03:15
df664b5b-42c7-434f-a61d-cdb619f79a64,bank.ceo,premium,510.98,510.98,high,medium,4,namesilo,,,10/10/2026 03:15
e6c6deba-91d1-4d6f-a2f7-d83851e0aeb5,bank.luxury,available,26,26,high,medium,4,spaceship,,,10/10/2026 03:15
2391951d-9b05-4493-9c7a-0e9ceef9a15e,bank.memorial,available,41.6,41.6,high,medium,4,spaceship,,,10/10/2026 03:15
2da05bc7-3007-42e7-a203-ab8fef1e96d3,bank.cheap,resell,,,high,medium,4,Dynadot Inc,14/07/2026 17:00,14/07/2027 17:00,10/10/2026 03:15
b51910b3-bfce-427c-8184-c5e967e8ae0d,bank.lol,premium,672.95,672.95,high,medium,4,spaceship,,,10/10/2026 03:15
17e591b0-b96f-420b-a658-f6825d65736e,bank.graphics,available,23.99,23.99,high,medium,4,namesilo,,,10/10/2026 03:15
fc2e05aa-66f6-4fa6-98b6-e7122ff95a9e,bank.sucks,premium,20475,20475,high,medium,4,namecheap,,,10/10/2026 03:15
231d0579-d3cb-4d6b-8050-19eb975caf36,bank.theatre,available,465.95,500.18,high,medium,4,spaceship,,,10/10/2026 03:15
c15d7dc8-c800-478b-b4c1-d44c139e8418,bank.marketing,premium,68.51,68.51,high,medium,4,spaceship,,,10/10/2026 03:15
715c32d0-f2e2-408e-946b-f31411d3bdb9,bank.coupons,premium,9315.2,9315.2,high,medium,4,spaceship,,,10/10/2026 03:15
a1eda1c6-40fb-4eec-a3f9-00f33edcf497,bank.moda,available,43.98,45.98,high,medium,4,namecheap,,,10/10/2026 03:15
23880182-0acb-4411-8a44-1693b077671b,bank.industries,premium,207.2,207.2,high,medium,4,spaceship,,,10/10/2026 03:15
5bbd11f7-501f-430c-b551-5ee6e91af68b,bank.realty,premium,6900,6900,high,medium,4,namesilo,,,10/10/2026 03:15
a679a5bb-2e35-4ff8-a495-1ae6e30af244,bank.miami,resell,,,high,medium,4,"GoDaddy.com, LLC",20/05/2023 03:15,20/05/2027 03:15,10/10/2026 03:15
7fe4a7d2-7df0-4c66-bdd3-fedb42609dc9,bank.blue,resell,,,high,medium,4,Squarespace Domains II LLC,21/07/2019 10:07,21/07/2028 10:07,10/10/2026 03:15
081c6832-1291-47df-a58c-1b17d1762122,bank.fail,premium,68.51,68.51,high,medium,4,spaceship,,,10/10/2026 03:15
07f127b6-24f9-4ce7-927d-672a3e9b1e2a,finance.investments,premium,400.5,512,high,medium,7,unstoppable,,,09/10/2026 18:59
752c5a8a-ee3e-483c-879b-c32447a1f51c,bank.pink,resell,,,high,medium,4,UM DOMAINS PTE. LTD,02/08/2026 15:15,02/08/2027 15:15,10/10/2026 03:15
ed68f2e9-07f0-4c61-92e9-a9d8aedc74ec,bank.photography,resell,,,high,medium,4,"Ascio Technologies, Inc. Danmark - Filial af Ascio technologies, Inc. USA",14/02/2014 13:03,14/02/2027 13:03,10/10/2026 03:15
b1a8a218-cbb1-4433-aa34-193f8b9c32ea,bank.voyage,available,46.78,46.78,high,medium,4,spaceship,,,10/10/2026 03:15
fe1cf2dd-1342-48f2-bc63-107e49326b5e,bank.black,resell,,,high,medium,4,"Global Domains International, Inc. DBA DomainCostClub.com",26/07/2026 15:15,26/07/2027 15:15,10/10/2026 03:15
a283c9a7-6a45-4799-a7ba-c9d17186bfc4,bank.agency,resell,,,high,medium,4,"GoDaddy.com, LLC",01/05/2014 14:48,01/05/2027 14:48,10/10/2026 03:15
ddbd6d90-0d2b-4aac-a436-657cbb22a2b6,bank.vacations,available,38.99,38.99,high,medium,4,namesilo,,,10/10/2026 03:15
7b1982d4-4846-4921-afa9-1e1f8e3049c0,bank.gallery,premium,102.67,102.67,high,medium,4,spaceship,,,10/10/2026 03:15
13f93395-695e-47e2-8cc4-5fb5a23a7f5f,banking.loan,premium,6900,116,high,low,7,namesilo,,,29/09/2026 01:02
0a9496a9-f322-4609-ad01-9a264f54ebf7,bank.forex,premium,6500,6500,high,medium,4,namecheap,,,10/10/2026 03:15
1315b15b-08ea-4343-8713-e9c070856a1a,bank.holiday,resell,,,high,medium,4,"Sav.com, LLC - 9",17/03/2026 15:15,17/03/2027 15:15,10/10/2026 03:15
cbdabf41-6a5e-4096-ac06-7185abb6ab88,bank.courses,premium,1100,1100,high,medium,4,dynadot,,,10/10/2026 03:15
27373844-090c-428d-bb2b-efdd31a51cdb,bank.accountants,premium,512,512,high,medium,4,namesilo,,,10/10/2026 03:15
e45ab988-029f-42f8-975d-062450c792e7,bank.sbs,premium,768,1596,high,medium,4,namesilo,,,10/10/2026 03:15
ceb691f1-46e9-4304-9f75-42bf64310a2a,bank.community,resell,,,high,medium,4,"GoDaddy.com, LLC",05/10/2022 13:15,05/10/2027 13:15,10/10/2026 03:15
ca413eb2-5008-43fb-9f48-fdd1f8a08bfb,bank.guru,resell,,,high,medium,4,"Chengdu West Dimension Digital Technology Co., Ltd.",19/04/2016 08:18,19/04/2027 08:18,10/10/2026 03:15
f37c59e2-dc8c-447d-b4b0-7d88799e05a8,bank.vin,resell,,,high,medium,4,"Sav.com, LLC - 27",19/05/2026 15:15,19/05/2027 15:15,10/10/2026 03:15
75ab384f-7e1e-455d-9219-e88683819217,bank.design,premium,116,116,high,medium,4,namesilo,,,10/10/2026 03:15
d14a6dfa-8c1a-467e-b4ac-68a3b87eda50,bank.dental,premium,207.2,207.2,high,medium,4,spaceship,,,10/10/2026 03:15
02756eca-c268-4936-b273-120189e95e43,bank.guitars,available,93.35,103.4,high,medium,4,spaceship,,,10/10/2026 03:15
551d0ea8-fed3-4ff5-921d-e4195a657f31,bank.market,premium,414.2,414.2,high,medium,4,spaceship,,,10/10/2026 03:15
a1d5a1c6-81d7-48b5-8e28-601d264eaf58,bank.lgbt,available,14.99,79.99,high,medium,4,namesilo,,,10/10/2026 03:15
01b78979-d922-4953-83e4-c2d34183dc61,bank.meme,premium,1345.7,1345.7,high,medium,4,spaceship,,,10/10/2026 03:15
38021566-247a-46f9-8cfe-cde8dbe36288,bank.build,premium,517.7,517.7,high,medium,4,spaceship,,,10/10/2026 03:15
a76b9b17-46be-4268-8472-41f45989a802,bank.media,resell,,,high,medium,4,"Chengdu West Dimension Digital Technology Co., Ltd.",30/11/2018 05:10,30/11/2026 05:10,10/10/2026 03:15
d0401d8f-75fd-4d03-8675-5cfdfd794ac5,bank.mba,resell,,,high,medium,4,IONOS SE,16/04/2016 09:57,16/04/2027 09:57,10/10/2026 03:15
25109df5-b33e-4270-83a0-5e5bd7f42f9d,bank.hamburg,resell,,,high,medium,4,,20/04/2016 14:43,20/04/2027 14:43,10/10/2026 03:15
ba85255d-252c-4223-ab34-ac6abd6de277,credit.finance,resell,,,high,low,6,"GoDaddy.com, LLC",05/09/2015 19:46,05/09/2027 19:46,29/09/2026 09:26
71e15cdf-5b54-4334-8d34-813634074e5a,bank.yoga,resell,,,high,medium,4,"Chengdu West Dimension Digital Technology Co., Ltd.",14/08/2026 22:52,14/08/2027 22:52,10/10/2026 03:15
2c82f8a0-7414-4b87-80e6-097666171a97,bank.bot,premium,6900,6900,high,medium,4,namesilo,,,10/10/2026 03:15
90274ac4-9aa9-4dd7-8344-e28b18a57500,bank.dance,available,9.52,21.94,high,medium,4,spaceship,,,10/10/2026 03:15
04bb7eaa-fad3-4a65-8680-44516ed402c5,bank.work,resell,,,high,medium,4,Dynadot Inc,30/04/2021 08:19,30/04/2027 08:19,10/10/2026 03:15
76585571-6b0d-4ad9-9897-ca6fff32fcbf,bank.host,premium,4125,8250,high,medium,4,dynadot,,,10/10/2026 03:15
20f3d36e-7c26-40e6-a6e2-5c751cda3099,bank.website,premium,2587.7,5175.2,high,medium,4,spaceship,,,10/10/2026 03:15
00b10ace-551b-4e1b-bbf3-a563b985a52b,bank.management,resell,,,high,medium,4,Porkbun LLC,13/03/2026 17:01,13/03/2027 17:01,10/10/2026 03:15
51b74e3f-a0f9-428a-bced-7d498add0e4b,bank.car,available,1863.2,2064.2,high,medium,4,spaceship,,,10/10/2026 03:15
8761fa4c-0df8-4b7b-902e-3e8139563536,bank.dentist,available,65.99,65.99,high,medium,4,namesilo,,,10/10/2026 03:15
87147bdd-62cf-4327-ab15-411a2eef6b43,bank.living,premium,550,550,high,medium,4,dynadot,,,10/10/2026 03:15
0ae6f092-010c-40a1-b587-a49b0a639a11,finance.fund,resell,,,high,medium,7,"DNSPod, Inc.",20/11/2023 15:15,20/11/2027 15:15,09/10/2026 18:59
737d4a41-3d92-4c8a-a366-df0a1c17fb9e,bank.delivery,premium,118.8,118.8,high,medium,4,namesilo,,,10/10/2026 03:15
d4a63b96-6573-4796-93b8-a0cc46f2affc,bank.careers,premium,207.2,207.2,high,medium,4,spaceship,,,10/10/2026 03:15
e78a02b6-7164-4829-8e8a-b251a7a309cb,bank.reisen,premium,20.9,20.9,high,medium,4,spaceship,,,10/10/2026 03:15
8dee7e80-316f-4a35-b7ef-9b14f652ee84,bank.luxe,resell,,,high,medium,4,"GoDaddy.com, LLC",03/05/2021 23:18,03/05/2027 23:18,10/10/2026 03:15
55ea2a48-c03a-4a24-bedc-781bcdd23e99,bank.tennis,available,89.99,89.99,high,medium,4,namesilo,,,10/10/2026 03:15
7b9b07ae-3e8f-4e8e-aaeb-efe6ac34fcb9,bank.bargains,premium,78.54,78.54,high,medium,4,namesilo,,,10/10/2026 03:15
9cf1f31d-f75b-41d0-a0c6-5c128008722d,bank.tv,resell,,,high,medium,4,"GoDaddy.com, LLC",18/06/2007 16:49,18/06/2027 16:49,10/10/2026 03:15
68091762-4ad7-487e-b657-b6e7e6b38745,bank.ooo,resell,,,high,medium,4,"Sav.com, LLC",27/11/2014 15:23,27/11/2026 23:59,10/10/2026 03:15
cd66400b-f281-4266-8bc4-ca390314c4b4,bank.mov,premium,1034.17,1034.17,high,medium,4,spaceship,,,10/10/2026 03:15
16d51ba5-1d73-441f-bf0a-eb7d3a253160,bank.fyi,resell,,,high,medium,4,Porkbun LLC,17/07/2023 03:40,17/07/2027 03:40,10/10/2026 03:15
854e05ad-8158-443e-90e9-39cbfa94bf9a,bank.properties,resell,,,high,medium,4,"Spaceship, Inc.",02/06/2014 18:37,02/06/2027 18:37,10/10/2026 03:15
9de3c61e-4941-4445-b348-bf33a1d0e96f,finance.casa,premium,104,13,high,medium,7,namecheap,,,09/10/2026 18:59
5a39485c-345f-4e7a-abce-c71686d487c5,bank.cv,premium,1339.98,80.33,high,medium,4,namesilo,,,10/10/2026 03:15
0403dcc9-70b1-484c-bf99-86a2e597b2fa,bank.today,resell,,,high,medium,4,"GoDaddy.com, LLC",19/02/2014 16:00,19/02/2027 16:00,10/10/2026 03:15
f0d89230-1cc9-459b-99cc-f334b453a9db,bank.dating,available,11.59,51.95,high,medium,4,spaceship,,,10/10/2026 03:15
80d3896b-ae3f-419f-b163-55f604ce071b,bank.organic,available,17.99,85.99,high,medium,4,namesilo,,,10/10/2026 03:15
c698d874-a69f-48a6-9158-d078d7ffbf79,finance.rentals,premium,118.8,118.8,high,medium,7,namesilo,,,09/10/2026 18:59
5e421d4c-786c-418a-a021-ec55304e713c,bank.dad,premium,1034.17,1034.17,high,medium,4,spaceship,,,10/10/2026 03:15
bdb3166e-eb70-45b9-9c45-ef97f3ebb6f9,bank.flowers,available,108.98,159.98,high,medium,4,namecheap,,,10/10/2026 03:15
76f14844-1f31-4b48-b785-c6a15b7da376,bank.gives,available,21.7,21.7,high,medium,4,cloudflare,,,10/10/2026 03:15
b37baf56-cbb9-4537-8015-2b205d244ae7,bank.kitchen,available,10.99,64.99,high,medium,4,namesilo,,,10/10/2026 03:15
6c2c7413-d78c-410b-9979-11426befb2ae,loan.investments,premium,242,242,high,low,4,namesilo,,,25/09/2026 09:02
ef6a35d6-9fad-470a-a1a2-f581d7548d79,bank.forum,premium,550,550,high,medium,4,dynadot,,,10/10/2026 03:15
b63eb098-ef65-44f4-9de7-48cb3e764121,bank.racing,premium,116,116,high,medium,4,namesilo,,,10/10/2026 03:15
6948d7c2-1d4f-4613-a1cc-d472c2a48665,bank.salon,available,44.2,44.2,high,medium,4,cloudflare,,,10/10/2026 03:15
ddf26686-4a20-484d-ba90-091afb8a7b83,bank.rip,premium,220,220,high,medium,4,dynadot,,,10/10/2026 03:15
e33ed910-2cf0-4957-b6a2-64a302d25b91,bank.health,premium,1107,71.4,high,medium,4,namesilo,,,10/10/2026 03:15
a4faad28-2908-412d-b06e-1830b8da77b5,finance.immobilien,available,37.99,37.99,high,medium,7,namesilo,,,09/10/2026 18:59
bde71299-e751-41e9-8ee8-16f90051bf55,bank.london,premium,2738.19,27.58,high,medium,4,spaceship,,,10/10/2026 03:15
2427410a-a62d-455e-b8ea-2d218213d5b7,banking.fund,premium,242,242,high,low,7,namesilo,,,29/09/2026 01:02
da524d47-28e8-4c00-aab9-652be2bea2a5,bank.pictures,premium,242,242,high,medium,4,namesilo,,,10/10/2026 03:15
6231156d-6fde-4c20-bf32-e74252bff7bf,bank.photos,available,8.24,28.04,high,medium,4,dynadot,,,10/10/2026 03:15
9e279fb5-fa88-4438-a351-f1342c94de84,bank.so,resell,,,high,low,4,101domain,28/04/2011 00:00,28/04/2026 00:00,
ccfb7f52-0a17-4585-84d3-846d3d57738d,bank.company,resell,,,high,medium,4,Dynadot Inc,10/09/2019 23:58,10/09/2027 23:58,10/10/2026 03:15
8b0f5e2a-ca73-4dcf-ac88-8167c9402d8f,finance.gmbh,premium,242,242,high,medium,7,namesilo,,,09/10/2026 18:59
4052f8dd-2131-47a2-882a-9a922129dbbb,finance.solutions,resell,,,high,medium,7,Atom.com Domains LLC,18/08/2025 20:10,18/08/2027 20:10,09/10/2026 18:59
9620da03-d074-4362-968f-3e2a43fdd71f,bank.horse,available,26.08,26.08,high,medium,4,spaceship,,,10/10/2026 03:15
d46bc91c-b9c7-47d5-96bf-6cdddd408403,bank.toys,premium,440,440,high,medium,4,dynadot,,,10/10/2026 03:15
779e1e4f-1832-4463-b951-00f0500637e9,finance.markets,premium,2750,2750,high,medium,7,dynadot,,,09/10/2026 18:59
1206c0f0-9bfa-457a-8229-b120475eb026,bank.wiki,premium,302.5,302.5,high,medium,4,namesilo,,,10/10/2026 03:15
e2ab6f02-c4a6-4c19-ae43-e4977a506b7e,bank.spot,premium,1300,1300,high,medium,4,namecheap,,,10/10/2026 03:15
22580d35-4041-4d4d-be64-cd7108395adb,bank.boutique,resell,,,high,medium,4,Dynadot Inc,23/09/2026 17:00,23/09/2027 17:00,10/10/2026 03:15
2dab6d80-9d5f-47ae-8297-219c350b3c4d,bank.apartments,available,10.92,52.65,high,medium,4,dynadot,,,10/10/2026 03:15
c964f200-ec55-490a-ae90-be7f8c1414d6,bank.condos,premium,242,242,high,medium,4,namesilo,,,10/10/2026 03:15
a031a144-02fb-4980-b292-b0df38179ac5,bank.cloud,premium,13800,13800,high,medium,4,namesilo,,,10/10/2026 03:15
0b75f805-ef7b-4149-bf5f-9d1338810586,bank.rest,premium,1152,1152,high,medium,4,namesilo,,,10/10/2026 03:15
0b258670-08a5-4f98-8840-0b29e95fe618,bank.cfd,premium,621.2,1242.2,high,medium,4,spaceship,,,10/10/2026 03:15
3fa26821-355a-4d3b-b77e-18253f139ae7,bank.photo,premium,103.7,103.7,high,medium,4,spaceship,,,10/10/2026 03:15
0ec5afbc-b643-405c-952b-d4b5d4b83288,finance.llc,premium,2200,2200,high,medium,7,dynadot,,,09/10/2026 18:59
69a29355-d3cd-4601-bc26-c421575a6603,banking.creditcard,available,144.99,144.99,high,low,7,namesilo,,,29/09/2026 01:02
b076eafe-cfec-49dc-a3ad-f7a0df09f83d,bank.casa,premium,47.2,11.8,high,medium,4,namesilo,,,10/10/2026 03:15
bcfec719-7e2d-4649-9ec8-6bd3c835d7f3,bank.protection,available,2064.2,2064.2,high,medium,4,spaceship,,,10/10/2026 03:15
2c925c6a-99bf-4e39-9549-5c2c60549917,bank.productions,premium,220,220,high,medium,4,dynadot,,,10/10/2026 03:15
b80d7a21-255b-4a46-880a-6d2e622889c3,finance.paris,premium,1233.4,1233.4,high,medium,7,dynadot,,,09/10/2026 18:59
89f374cb-1e42-4823-93d2-bc824a07158d,bank.moi,premium,960,960,high,medium,4,namesilo,,,10/10/2026 03:15
93ebe6bf-e40b-4dda-a882-588cf0732a81,bank.lifestyle,premium,640,640,high,medium,4,namesilo,,,10/10/2026 03:15
95ea3e6f-8ddb-4b81-b420-ac127ced9a4e,bank.men,premium,116,29.5,high,medium,4,namesilo,,,10/10/2026 03:15
a6467912-3544-4eae-8336-4bb4b30480fa,bank.review,premium,6900,116,high,medium,4,namesilo,,,10/10/2026 03:15
b9286863-a694-4b3e-ae5c-6bb8e63812c9,bank.software,resell,,,high,medium,4,"GoDaddy.com, LLC",03/07/2024 17:24,03/07/2027 17:24,10/10/2026 03:15
70457396-84d0-444a-8719-b755bdad96df,bank.gifts,premium,78.54,78.54,high,medium,4,namesilo,,,10/10/2026 03:15
fc83a2df-6da0-4b84-bcb6-7d3902d3ccbc,bank.limo,available,42.2,42.2,high,medium,4,cloudflare,,,10/10/2026 03:15
ab200ef5-9d6e-4255-9e9b-c555487673b9,bank.prof,premium,1344.67,1344.67,high,medium,4,spaceship,,,10/10/2026 03:15
e70965fc-2b31-45e6-9aea-893a2f5f2cd7,finance.condos,premium,68.51,68.51,high,medium,7,spaceship,,,09/10/2026 18:59
fc01579c-4a25-4db6-99e0-db423cbb3d7b,bank.directory,resell,118.8,118.8,high,medium,4,Atom.com Domains LLC,20/08/2026 16:04,20/08/2027 16:04,10/10/2026 03:15
e6554239-9179-4aee-be5c-12fe0b700e1e,finance.company,resell,,,high,medium,7,"Spaceship, Inc.",21/06/2015 17:09,21/06/2027 17:09,09/10/2026 18:59
008e73be-6600-4537-ba20-c3abc8d2d036,finance.viajes,available,99.99,99.99,high,medium,7,namesilo,,,09/10/2026 18:59
4f3d33f7-e0a0-415a-a8ce-284c41f4a804,bank.supply,premium,118.8,118.8,high,medium,4,namesilo,,,10/10/2026 03:15
220e1930-b317-42bd-a65b-048d0c333efa,banking.casa,available,1.54,10.55,high,low,7,spaceship,,,29/09/2026 01:02
f4d42791-96d5-463e-9eaa-8ea0a6543138,finance.holiday,available,64.99,64.99,high,medium,7,namesilo,,,09/10/2026 18:59
23ab8831-815c-4b42-b9fe-5f4d08cfd43b,finance.horse,premium,88,26.97,high,medium,7,dynadot,,,09/10/2026 18:59
cec99c2f-5fe3-4ec9-8405-f73aee80248f,bank.giving,available,6.41,22.39,high,medium,4,spaceship,,,10/10/2026 03:15
b70321ee-1d49-4154-a699-16ab9e10b632,finance.financial,resell,,,high,medium,7,"NameCheap, Inc.",13/02/2025 18:15,13/02/2027 18:15,09/10/2026 18:59
45a72451-3720-46f4-82c8-163f1a627011,finance.photography,resell,,,high,medium,7,IONOS SE,24/05/2025 23:33,24/05/2027 23:33,09/10/2026 18:59
468fc277-817d-40e4-ac4e-a10cbc633d9b,bank.institute,premium,102.67,102.67,high,medium,4,spaceship,,,10/10/2026 03:15
1ea2e6cc-b24e-4488-8fb1-da21aa6246a4,finance.hamburg,available,69.98,73.98,high,medium,7,namecheap,,,09/10/2026 18:59
6db64e27-fd7d-46b9-bf3a-2557c50007ba,bank.villas,premium,242,242,high,medium,4,namesilo,,,10/10/2026 03:15
bc30485b-892e-4845-bc89-086302775983,finance.date,premium,310.7,103.7,high,medium,7,spaceship,,,09/10/2026 18:59
0e8715e5-73eb-4c00-80fa-c051187cb7e2,finance.movie,available,46,270.2,high,medium,7,unstoppable,,,09/10/2026 18:59
dede89f5-1775-48a5-91a5-1bd30e46d4b3,finance.cyou,premium,310.7,621.2,high,medium,7,spaceship,,,09/10/2026 18:59
17faa87e-b2c6-45b3-b1b1-4d6bec6d828a,bank.food,premium,362.45,517.7,high,medium,4,spaceship,,,10/10/2026 03:15
3a53e3bf-336e-48af-a6d0-a96deb65e03f,finance.car,available,1999.99,2199,high,medium,7,namesilo,,,09/10/2026 18:59
dcbed7d0-323c-4008-a84f-86af755f64f2,finance.kim,resell,,,high,medium,7,"Spaceship, Inc.",21/02/2026 17:40,21/02/2027 17:40,09/10/2026 18:59
20589ccf-d3a3-43da-a904-991badf2bbba,credit.credit,resell,,,high,low,6,"NameCheap, Inc.",29/08/2015 16:05,29/08/2027 16:05,29/09/2026 09:26
7fc2acb9-24b4-4c21-b1ac-83a014bf8d25,bank.auto,available,1999.99,2199,high,medium,4,namesilo,,,10/10/2026 03:15
1f9e0044-c539-490c-9227-7663a269ae1a,bank.shoes,available,31.25,51.95,high,medium,4,spaceship,,,10/10/2026 03:15
86bf2899-c082-4c37-8b93-fbc49cb29531,banking.dealer,premium,1604.45,2070.2,high,low,7,spaceship,,,29/09/2026 01:02
c220d65c-8834-4d3f-ad3e-7f8061951807,bank.beer,resell,,,high,medium,4,"Chengdu West Dimension Digital Technology Co., Ltd.",21/05/2020 03:12,21/05/2027 03:12,10/10/2026 03:15
b038623f-06c2-4aba-85c6-ea554029fb42,bank.fast,resell,,,high,medium,4,"NameCheap, Inc",07/10/2025 07:14,07/10/2027 07:14,10/10/2026 03:15
7430fff8-25f9-459d-82ac-660d6d7f44aa,finance.mx,resell,,,high,medium,7,Tool Domains OOD,17/04/2024 00:00,17/04/2027 00:00,09/10/2026 18:59
f120a2ba-5d4f-461f-bfc7-c5598e9db48a,bank.tires,available,8.24,83.68,high,medium,4,dynadot,,,10/10/2026 03:15
82fdcc64-ceca-4636-977e-4f1f3f8259e0,finance.locker,premium,1654.52,8.8,high,medium,7,namesilo,,,09/10/2026 18:59
cea00ae6-c62a-4e3d-9213-761029d36df2,bank.rich,available,79,160.72,high,medium,4,dynadot,,,10/10/2026 03:15
e9e62777-a402-4b34-8318-9a3094433a38,finance.work,resell,,,high,medium,7,UM Domains Pte. Ltd.,14/06/2026 00:00,14/06/2027 00:00,09/10/2026 18:59
215da3cf-e5f4-4b63-a4f0-345e1df7381e,bank.love,premium,1086.95,1552.7,high,medium,4,spaceship,,,10/10/2026 03:15
1c5f5240-0308-4ab1-9165-bcc4839830fb,bank.faith,premium,3450,116,high,medium,4,namesilo,,,10/10/2026 03:15
e01b69b8-6744-4dc0-ac67-b1b1d07e7f16,banking.properties,premium,108.9,108.9,high,low,7,dynadot,,,29/09/2026 01:02
145a3280-5e5b-4aa1-bab2-35099b3e8a93,bank.cricket,available,20.88,20.88,high,medium,4,spaceship,,,10/10/2026 03:15
aa19b6ae-f2c1-47c5-9786-f172e59d18bd,finance.barcelona,resell,,,high,medium,7,"Namecheap, Inc.",19/06/2026 20:12,19/06/2027 20:12,09/10/2026 18:59
da5937f7-03a9-47ce-aaee-7e52a027fce3,finance.discount,premium,102.67,102.67,high,medium,7,spaceship,,,09/10/2026 18:59
1f712a9c-ef53-489d-8835-ef7daa62e6ac,bank.onl,premium,302.5,640,high,medium,4,namesilo,,,10/10/2026 03:15
c1a06255-9bc0-4ee4-91c5-6ecdae98873c,finance.trade,premium,2587.7,103.7,high,medium,7,spaceship,,,09/10/2026 18:59
ee0f44ac-3fbb-4632-9759-fd7874d73273,finance.gripe,premium,78.54,78.54,high,medium,7,namesilo,,,09/10/2026 18:59
0140af4b-4e69-40de-8ea1-a928ecac18c6,banking.money,resell,128.7,128.7,high,low,7,namecheap,,,29/09/2026 01:02
33138b58-a60e-4b0e-a78c-6e49ff07fb2f,bank.space,premium,1293.95,5175.2,high,medium,4,spaceship,,,10/10/2026 03:15
8325380c-90ce-494a-94dd-6de0f6803cb9,banking.credit,premium,220,220,high,low,7,dynadot,,,29/09/2026 01:02
e634e253-638d-489a-89de-eb557bd55de1,finance.loans,resell,,,high,medium,7,"GoDaddy.com, LLC",05/09/2015 22:00,05/09/2027 22:00,09/10/2026 18:59
1f1c6133-74a2-4b3f-aab7-ad5c92f5934d,banking.llc,premium,302.5,302.5,high,low,7,namesilo,,,29/09/2026 01:02
63f88dd4-ca9d-4202-b96b-35bc295cad22,finance.auction,premium,1035.2,1035.2,high,medium,7,spaceship,,,09/10/2026 18:59
a17a6a53-d22b-4ccd-ade9-6f0961f8fd38,bank.id,resell,,,high,medium,4,PT Cloud Hosting Indonesia,14/02/2023 04:10,14/02/2027 23:59,10/10/2026 03:15
d4b774c3-5395-44d7-8400-2e8e8359790f,banking.berlin,available,79.98,89.98,high,low,7,namecheap,,,29/09/2026 01:02
fd006eae-c771-4856-a210-fef2866dca27,finance.capital,resell,,,high,medium,7,"Network Solutions, LLC",17/07/2015 15:09,17/07/2027 15:09,09/10/2026 18:59
6b55ee9a-d105-4b45-8471-4061ca646835,finance.limited,premium,38.94,38.94,high,medium,7,namesilo,,,09/10/2026 18:59
ca60cb2b-e8e5-490f-86d5-deed2f067625,bank.diamonds,available,54.99,54.99,high,medium,4,namesilo,,,10/10/2026 03:15
733b9e49-3583-4ff0-b6cb-1649feb399a6,finance.london,premium,677.31,31.22,high,medium,7,namesilo,,,09/10/2026 18:59
416c09c2-feb6-41c1-9b5f-6c18e182ac53,finance.dog,resell,,,high,medium,7,"Sav.com, LLC",31/01/2021 23:10,31/01/2027 23:10,09/10/2026 18:59
36ebd0fd-4c34-4ab6-a094-e32a11938a67,finance.dad,premium,1298.7,1298.7,high,medium,7,namecheap,,,09/10/2026 18:59
434578de-c2e9-4626-8fac-255ef9ebbc1f,finance.link,premium,3622.7,3622.7,high,medium,7,spaceship,,,09/10/2026 18:59
c720edcc-657a-4b1e-8f18-d31659566c49,banking.gmbh,available,45.99,45.99,high,low,7,namesilo,,,29/09/2026 01:02
4358e0c1-b6e3-4226-a948-52dfc5bba6a6,finance.boo,premium,1034.17,1034.17,high,medium,7,spaceship,,,09/10/2026 18:59
5368b090-6253-468c-8c7c-69e9cf1fde83,bank.tickets,available,359.99,488.88,high,medium,4,namesilo,,,10/10/2026 03:15
83c87f73-4776-4d79-a2f8-61839a4868fd,bank.soy,premium,548.9,548.9,high,medium,4,dynadot,,,10/10/2026 03:15
03725b3d-1b5e-42e2-8b0b-4258914b726e,banking.cfd,premium,330,660,high,low,7,dynadot,,,29/09/2026 01:02
68f876bb-a6c7-4226-8d4a-3357f6c6a4c2,finance.memorial,available,106.15,106.15,high,medium,7,dynadot,,,09/10/2026 18:59
da7c0dfe-f3c5-447c-86db-bb789963ecc3,finance.desi,available,19.98,22.98,high,medium,7,namecheap,,,02/10/2026 18:55
b3734476-4c1c-4fb7-a720-270b38ce0438,finance.gifts,premium,68.51,68.51,high,medium,7,spaceship,,,09/10/2026 18:59
182c0375-73d8-4c62-b0f6-2233ec252f49,bank.soccer,available,25.99,25.99,high,medium,4,namesilo,,,10/10/2026 03:15
12f18285-e171-4547-bcee-49ebc15e46ea,banking.partners,available,9.52,57.13,high,low,7,spaceship,,,29/09/2026 01:02
76657e6d-0a87-44b6-8088-9597cc2537b2,finance.deal,premium,640,640,high,medium,7,namesilo,,,09/10/2026 18:59
80f2fa0b-2933-4fdf-802c-2d8e01a2271f,bank.lawyer,premium,1107,1107,high,medium,4,namesilo,,,10/10/2026 03:15
28e5ed58-d1da-41b3-a89a-49f076ac9123,finance.ltda,premium,56.64,33.04,high,medium,7,namesilo,,,09/10/2026 18:59
f8481dbc-cd40-4ab4-9fed-eac029ff6268,finance.icu,premium,328.02,655.52,high,medium,7,porkbun,,,09/10/2026 18:59
d2afd365-bb1a-4a2c-bb0b-73e87baa87c5,finance.forsale,premium,512,512,high,medium,7,namesilo,,,09/10/2026 18:59
93694e1a-b3da-476f-8121-04c2a14a1a42,finance.moda,available,33.32,33.32,high,medium,7,spaceship,,,09/10/2026 18:59
d5b5d772-acb1-4507-86d7-12cce01acd2c,finance.country,available,2064.2,2064.2,high,medium,7,spaceship,,,09/10/2026 18:59
5f07666e-2f7b-496d-82fc-9cebe19f502f,finance.phd,premium,1344.67,1344.67,high,medium,7,spaceship,,,09/10/2026 18:59
5b0e6622-0b86-41b5-af7a-5e49aa9a4cbb,bank.download,premium,,,high,medium,4,,,,10/10/2026 03:15
6749d889-b2f0-4594-ab8a-0a85f315e472,finance.mov,premium,1298.7,1298.7,high,medium,7,namecheap,,,09/10/2026 18:59
a14d02be-ddd0-49ff-aad9-a6e55e46d118,bank.blackfriday,available,103.7,103.7,high,medium,4,spaceship,,,10/10/2026 03:15
ff17a0ea-5eb7-44f6-aad4-93743b2f9c4e,banking.ninja,premium,102.67,102.67,high,low,7,spaceship,,,29/09/2026 01:02
760375b0-48d1-4654-9928-43af3116e021,finance.auto,available,1999.99,2199,high,medium,7,namesilo,,,09/10/2026 18:59
0a9054ec-5ef5-462d-8f70-8971130be018,finance.enterprises,resell,,,high,medium,7,"Global Domains International, Inc. DBA DomainCostClub.com",08/03/2026 15:15,08/03/2027 15:15,09/10/2026 18:59
4940d39d-0f55-43e7-8c5f-14f13ad3546a,loan.us,resell,,,high,low,4,"GoDaddy.com, LLC",24/04/2002 14:00,23/04/2027 23:59,26/09/2026 07:17
3bb47552-80ce-4ba9-b135-7095b9b67eef,finance.tech,premium,10000.2,13800,high,medium,7,unstoppable,,,09/10/2026 18:59
1a2a77ff-66a5-4ddb-a698-9e63890347f4,banking.tax,available,7.96,54.02,high,low,7,spaceship,,,29/09/2026 01:02
0cbca368-b009-4369-8443-22a7885fc453,finance.meme,premium,1690,1690,high,medium,7,namecheap,,,09/10/2026 18:59
8b2ba378-4094-4f93-a087-68b83b46a1a5,finance.media,resell,,,high,medium,7,Dynadot Inc,04/04/2023 15:15,04/04/2027 15:15,09/10/2026 18:59
72df58d7-c115-44f0-8191-781ac332c301,finance.qpon,premium,3450,23.54,high,medium,7,namesilo,,,09/10/2026 18:59
4e083239-0eab-4a4d-8c3b-408115211f77,finance.diy,premium,1449.2,2070.2,high,medium,7,spaceship,,,09/10/2026 18:59
640995ea-7bfe-4f6c-bcee-e36ad2b80062,banking.vegas,premium,242,119.94,high,low,7,namesilo,,,29/09/2026 01:02
de091376-c0f8-4c88-a811-958c80cfd6b0,finance.soy,premium,516.67,516.67,high,medium,7,spaceship,,,09/10/2026 18:59
f1daa0a3-3b0f-4cc9-8b57-7d692d72e83d,finance.forum,resell,,,high,medium,7,NAMECHEAP,03/08/2026 16:25,03/08/2028 16:25,09/10/2026 18:59
d9cacf5e-3c71-4ec7-82f2-8008833568e4,bank.trading,premium,85.8,85.8,high,medium,4,namecheap,,,10/10/2026 03:15
56c83c13-8fad-46e1-b185-86311f7f1f14,banking.management,premium,118.8,118.8,high,low,7,namesilo,,,29/09/2026 01:02
bf04d3ea-f4fc-476e-9b78-c2869fe7653c,bank.ltda,premium,56.64,33.04,high,medium,4,namesilo,,,10/10/2026 03:15
c90f3547-e5f4-4934-9981-aa41a60dcf34,banking.video,available,,,high,low,7,,,,09/10/2026 09:41
57215124-0e71-4304-8bb4-58a675031989,finance.fishing,premium,96,29.5,high,medium,7,namesilo,,,09/10/2026 18:59
10792f25-b12a-4379-8c14-e489ff6f59b1,banking.ceo,premium,206.17,206.17,high,low,7,spaceship,,,29/09/2026 01:02
7e730282-f3e2-487d-bd0f-03281809a5f8,banking.soy,premium,174.1,174.1,high,low,7,porkbun,,,29/09/2026 01:02
60cca4ab-6d24-4b74-9c6a-76b790c7900d,banking.moi,available,25.99,25.99,high,low,7,namesilo,,,29/09/2026 01:02
22111e21-ffa5-4753-87aa-64afe0221a8c,finance.bid,resell,,,high,medium,7,Dynadot Inc,26/07/2019 15:07,26/07/2027 15:07,09/10/2026 18:59
140ee1d5-19a1-4740-9fee-2997378fa723,bank.bingo,resell,,,high,medium,4,Dynadot Inc,21/01/2026 17:00,21/01/2027 17:00,10/10/2026 03:15
4286ca8f-44d0-4e4d-98e6-3801511f1e4a,finance.navy,available,33.32,33.32,high,medium,7,spaceship,,,09/10/2026 18:59
3374af35-e586-4f85-9b73-a064b6f60210,banking.hiv,available,,,high,low,7,,,,09/10/2026 09:41
8303e59f-48bf-45b1-b94c-86e795a34278,banking.reviews,premium,828.2,828.2,high,low,7,spaceship,,,29/09/2026 01:02
af201401-4bb0-485e-8119-f35892078c34,banking.hot,available,,,high,low,7,,,,09/10/2026 09:41
15d05036-1014-4886-be66-722a802b8fe6,banking.hospital,available,57.99,57.99,high,low,7,namesilo,,,29/09/2026 01:02
0fdd242c-876b-422e-bb5c-0680b38c1916,bank.football,available,25.99,25.99,high,medium,4,namesilo,,,10/10/2026 03:15
5a050294-ce98-43ed-8f46-5cd3289a3c6a,bank.channel,premium,1034.17,1034.17,high,medium,4,spaceship,,,10/10/2026 03:15
a23c75b9-7937-44ec-9d33-70b477b7210e,banking.football,available,25.99,25.99,high,low,7,namesilo,,,29/09/2026 01:02
657a65df-d9b9-4c95-aa18-d03207ef7080,finance.casino,resell,,,high,medium,7,"Global Domains International, Inc. DBA DomainCostClub.com",10/01/2026 15:15,10/01/2027 15:15,09/10/2026 18:59
803fe228-24fd-4f8c-ab2e-a69f2b6cd4ab,banking.to,resell,,,high,low,7,Tonic,30/05/2023 02:27,01/08/2027 00:00,29/09/2026 01:02
c6f43daa-2d60-47e8-ad97-1f97a347d3e3,banking.wiki,premium,302.5,302.5,high,low,7,namesilo,,,29/09/2026 01:02
f4ccb273-63c0-4817-a97e-de0050157f79,banking.faith,premium,1107,116,high,low,7,namesilo,,,29/09/2026 01:02
4ff5f2b7-1da2-4a80-a23f-0d0da4723453,finance.industries,premium,207.2,207.2,high,medium,7,spaceship,,,09/10/2026 18:59
9c887dbb-6dce-40e5-96e0-3d8119f974e2,bank.fans,premium,325,650,high,medium,4,namecheap,,,10/10/2026 03:15
0774c684-5daf-418d-9c56-cf07af4b7c19,bank.tienda,available,59.99,59.99,high,medium,4,namesilo,,,10/10/2026 03:15
f0f15f6e-64e3-4f04-ac8f-c3be2150d384,bank.accountant,premium,13800,768,high,medium,4,namesilo,,,10/10/2026 03:15
f43ec913-7e91-487b-ab6d-f43996631e9e,banking.meme,premium,382.61,382.61,high,low,7,porkbun,,,29/09/2026 01:02
86407c1b-95d5-4db9-b97d-4f82dab7b86b,credit.ventures,resell,,,high,low,6,Dynadot Inc,24/04/2021 13:05,24/04/2027 13:05,29/09/2026 09:26
a9128e4b-c1da-45c9-a46d-b5b95696c825,bank.garden,premium,,,high,medium,4,Key-Systems LLC,10/04/2021 14:23,10/04/2027 14:23,10/10/2026 03:15
e5d34464-3a22-4c64-b1ad-96705064b0c8,banking.bike,available,12.99,38.99,high,low,7,namesilo,,,29/09/2026 01:02
23d0af76-ca3a-4408-ad2a-7502a4454d4b,bank.immobilien,premium,207.2,207.2,high,medium,4,spaceship,,,10/10/2026 03:15
4cf54967-a395-4139-96e9-c1146aabb9c0,finance.zip,premium,999.2,1034.17,high,medium,7,unstoppable,,,09/10/2026 18:59
8ed26daf-600a-44e2-a095-ebc7b8357d55,finance.miami,premium,5520,21.24,high,medium,7,namesilo,,,09/10/2026 18:59
a1909f96-79da-4141-b842-929549194c53,bank.zip,premium,1034.17,1034.17,high,medium,4,spaceship,,,10/10/2026 03:15
6524d29f-afe2-4f6e-b3f8-5b24a19fc20f,finance.download,premium,382.61,55.11,high,medium,7,porkbun,,,09/10/2026 18:59
88e60fe3-7ef7-405f-b596-6fe1b01d0348,banking.bingo,available,8.24,42.74,high,low,7,porkbun,,,29/09/2026 01:02
ee91783f-9bf5-4647-8f87-a9cdd254c14f,bank.rent,premium,650,650,high,medium,4,namecheap,,,10/10/2026 03:15
30bf5432-7fc8-4f4b-8d41-040b1509c906,credit.cheap,premium,207.2,207.2,high,low,6,spaceship,,,29/09/2026 09:26
0368341c-ca83-4f81-824a-fdac6bed399e,banking.fish,available,44.49,44.49,high,low,7,namesilo,,,29/09/2026 01:02
b9736528-e805-4a30-a01e-d3c6d12b08d2,finance.study,premium,5500,5500,high,medium,7,dynadot,,,09/10/2026 18:59
71688626-b8e8-4e33-a481-0f45d9b76a49,banking.investments,premium,207.2,207.2,high,low,7,spaceship,,,29/09/2026 01:02
76d1be14-2b7a-432f-806c-d0e838b3b97c,banking.biz,resell,,,high,low,7,Dynadot Inc,27/03/2002 22:31,26/03/2027 23:59,29/09/2026 01:02
528b15bc-ef08-4a4f-a1b6-3887582feb73,banking.archi,available,13.14,83,high,low,7,spaceship,,,29/09/2026 01:02
6006062c-5152-4274-87aa-433c01ad19e2,bank.blog,premium,1662.5,6900,high,medium,4,namesilo,,,10/10/2026 03:15
d0f8fc94-70b2-443a-b1b5-69e071ffaabf,banking.love,resell,,,high,low,7,"Chengdu West Dimension Digital Technology Co., LTD",19/08/2026 05:36,19/08/2027 05:36,29/09/2026 01:02
d4d87a10-28ad-49dc-a8f9-900f86b9765a,banking.party,available,,,high,low,7,,,,09/10/2026 09:41
f4c4ca43-8f2e-4c16-884b-07f65197e38a,banking.food,premium,455,650,high,low,7,namecheap,,,29/09/2026 01:02
5e31b0bd-0d31-4688-a0a1-9395ed40de55,banking.luxury,available,49.99,,high,low,7,name.com,,,29/09/2026 01:02
a86193e6-b371-4907-95c0-a4cbf4f4e4fe,banking.limited,available,28.2,28.2,high,low,7,cloudflare,,,29/09/2026 01:02
58e61c38-f153-42f1-a37d-8ecaa5d9ca90,finance.supply,premium,102.67,102.67,high,medium,7,spaceship,,,09/10/2026 18:59
873e8595-b744-45bd-9fed-f2be53ca0eaa,finance.family,premium,414.2,414.2,high,medium,7,spaceship,,,09/10/2026 18:59
c93d000d-fdf3-4573-9e21-d799b36a33ae,loan.immo,premium,118.8,118.8,high,low,4,namesilo,,,25/09/2026 09:02
17145bde-a358-4182-a527-04691debb08f,banking.london,premium,1097.05,27.62,high,low,7,spaceship,,,29/09/2026 01:02
1aef3aa6-2b18-4666-9eb9-11bcf52e408a,banking.sex,available,95.2,95.2,high,low,7,cloudflare,,,29/09/2026 01:02
284d678a-3207-437c-9496-3989c646ad9b,finance.bargains,premium,400.5,520,high,medium,7,unstoppable,,,09/10/2026 18:59
486564b7-f961-493c-a653-4c58701af766,bank.rehab,available,28.2,28.2,high,medium,4,cloudflare,,,10/10/2026 03:15
75e79b0e-bcc6-4fd6-90f3-8b095438e949,banking.locker,premium,1100,32.32,high,low,7,dynadot,,,29/09/2026 01:02
861782cb-0a42-443d-84f1-70fb2e3b57d0,finance.sbs,premium,330,660,high,medium,7,dynadot,,,09/10/2026 18:59
f7caaade-0a1f-459e-beaf-8510d9078a13,loan.properties,premium,242,242,high,low,4,namesilo,,,25/09/2026 09:02
4e7a70e9-aead-406f-84fa-8cb06c485b20,finance.tattoo,available,2,32.32,high,medium,7,dynadot,,,09/10/2026 18:59
6e6cec68-359c-4e69-948b-114be6b0018a,credit.vacations,available,30.2,30.2,high,low,6,cloudflare,,,29/09/2026 09:26
2d241f40-11c0-4445-ba26-c98215137060,banking.villas,available,59.99,59.99,high,low,7,namesilo,,,29/09/2026 01:02
574e70b4-1128-47ac-9f56-74a109b1b375,finance.soccer,available,25.99,25.99,high,medium,7,namesilo,,,09/10/2026 18:59
2d76e6a7-6352-40f6-8537-f5e45d540511,banking.style,available,16.99,38.99,high,low,7,namesilo,,,29/09/2026 01:02
3dd0888d-4700-4fa8-9816-c2c8a1936f83,finance.domains,premium,854,854,high,medium,7,namesilo,,,09/10/2026 18:59
01b477ad-159d-45ab-8cf3-315a43b65010,credit.reisen,available,17.34,17.34,high,low,6,dynadot,,,29/09/2026 09:26
d5eb2b4e-7012-4060-a22b-98179135320a,finance.run,resell,,,high,medium,7,"DNSPod, Inc.",02/05/2017 21:34,02/05/2030 21:34,09/10/2026 18:59
1963f286-0c5d-4448-b151-9110e3663ca2,loan.hockey,available,59.99,59.99,high,low,4,namesilo,,,25/09/2026 09:02
ebaa6bec-d4f2-4dca-a11a-9acdae435afc,loan.capital,resell,,,high,low,4,"Sav.com, LLC",08/05/2019 13:29,08/05/2027 13:29,26/09/2026 07:17
6b03cebc-08a4-467a-b2a7-fb8f7ed996e7,credit.creditcard,premium,512,512,high,low,6,namesilo,,,29/09/2026 09:26
089c4856-9df2-4e03-b77e-b9dca20f5c38,loan.realty,premium,12420,12420,high,low,4,namesilo,,,25/09/2026 09:02
d43f8b50-7690-4ef5-9ace-51c6d9f2dca0,banking.art,premium,1552.7,72.65,high,low,7,spaceship,,,29/09/2026 01:02
4cef98fb-3518-4f71-ba4d-0a81fb46e96f,banking.pet,available,10.92,21.62,high,low,7,dynadot,,,29/09/2026 01:02
728c3a63-8831-4859-bfe8-03977291ede7,bank.nyc,premium,5175.2,26.08,high,medium,4,spaceship,,,10/10/2026 03:15
44a3c792-9076-4a79-a96c-3e6d60daf9ad,credit.tickets,available,401.47,401.47,high,low,6,dynadot,,,29/09/2026 09:26
f14e2154-d065-496b-a34d-6ca854429582,bank.barcelona,available,25.04,25.04,high,medium,4,spaceship,,,10/10/2026 03:15
ea5d6f6c-3ada-4ceb-a645-bfd6b0ebcbfb,credit.attorney,premium,2587.7,2587.7,high,low,6,spaceship,,,29/09/2026 09:26
a71d5f57-9344-459a-b372-9f5d94ee3911,finance.associates,premium,118.8,118.8,high,medium,7,namesilo,,,09/10/2026 18:59
30594f53-0016-4f25-a89c-280e6531ad22,banking.wine,available,9.99,59.99,high,low,7,namesilo,,,29/09/2026 01:02
dff4484e-d0fe-42e3-90c7-e39bba95f6cd,finance.realty,premium,6900,6900,high,medium,7,namesilo,,,09/10/2026 18:59
164076cf-c4d1-44c5-8720-7a27b81af567,credit.lawyer,premium,1365.98,2729.67,high,low,6,porkbun,,,29/09/2026 09:26
33800eaa-7ffa-4b73-9e17-4e0a863f357c,bank.republican,available,7.25,7.25,high,medium,4,namesilo,,,10/10/2026 03:15
740c1c60-c2da-4c5a-a5be-c779f7f50e1a,banking.boo,available,,,high,low,7,,,,09/10/2026 09:41
9f7836e1-2293-4457-b362-b2f340b55641,credit.blackfriday,available,103.7,103.7,high,low,6,spaceship,,,29/09/2026 09:26
a2fd7c62-e422-405a-981f-e3224b2bc437,banking.cyou,premium,384,768,high,low,7,namesilo,,,29/09/2026 01:02
81f13697-6d0e-40fc-afc5-1352942df473,credit.charity,available,14.99,23.99,high,low,6,namesilo,,,29/09/2026 09:26
d2397cc0-3956-47f8-b861-c930369a418b,finance.rent,resell,,,high,medium,7,"Spaceship, Inc.",23/09/2026 21:56,23/09/2027 23:59,09/10/2026 18:59
285fda5b-a218-4f6e-811c-dc82b4388d4a,banking.cheap,available,5.98,49.98,high,low,7,namecheap,,,29/09/2026 01:02
22199db5-c8de-45e2-be82-141fc1eb50e7,banking.parts,available,32.2,32.2,high,low,7,cloudflare,,,29/09/2026 01:02
f97c6883-4649-4c26-9bbc-5ca0848f91ec,banking.today,available,,,high,low,7,,,,09/10/2026 09:41
e3f0d080-fc7f-4599-a3ef-19f7c694b761,banking.mom,premium,832,832,high,low,7,namesilo,,,29/09/2026 01:02
25aa4cb3-5157-4e0a-8c47-ccb51d79808e,bank.qpon,premium,3450,23.54,high,medium,4,namesilo,,,10/10/2026 03:15
e93cc9de-5090-434f-8a3f-3feeed97709d,bank.film,premium,640,640,high,medium,4,namesilo,,,10/10/2026 03:15
f0b7a63e-e377-47d5-8916-2d8975bb6776,finance.world,resell,,,high,medium,7,101domain GRS Limited,14/01/2015 15:08,14/01/2027 15:08,09/10/2026 18:59
5a40e201-17c5-4229-bb09-77e6292ab6de,finance.tickets,available,359.99,488.88,high,medium,7,namesilo,,,09/10/2026 18:59
cac898ff-cc89-4f2e-a440-ad904f1f1688,credit.tienda,available,5.57,49.44,high,low,6,dynadot,,,29/09/2026 09:26
215158c8-6611-48b3-8db6-f1c6a065af92,credit.mortgage,premium,512,512,high,low,6,namesilo,,,29/09/2026 09:26
c648065b-297a-45da-9e26-b5750e4c9a7a,finance.voyage,available,5.66,46.86,high,medium,7,porkbun,,,09/10/2026 18:59
ce8b070b-7abd-41d0-b440-dd3532193383,credit.tours,available,48.2,48.2,high,low,6,cloudflare,,,29/09/2026 09:26
fe12d2d0-1241-42e0-a448-5f9176231619,credit.immobilien,available,37.99,37.99,high,low,6,namesilo,,,29/09/2026 09:26
87ab03a1-44b8-4f04-b63c-cc1e3f301342,banking.vin,available,8.99,59.99,high,low,7,namesilo,,,29/09/2026 01:02
f782adae-78b1-4fd7-a159-5e5873f30912,bank.hospital,available,45.74,45.74,high,medium,4,spaceship,,,10/10/2026 03:15
4dfb1b67-ac3a-451b-81dc-7cc2df6e7831,credit.memorial,available,41.71,41.71,high,low,6,porkbun,,,29/09/2026 09:26
a989486c-1c3d-41ab-9178-77da6fa927be,credit.house,premium,512,512,high,low,6,namesilo,,,29/09/2026 09:26
88ddfbc3-6bae-4512-aabf-081e55297c0f,banking.toys,available,14.98,82.48,high,low,7,namecheap,,,29/09/2026 01:02
f21d62ab-e3a3-4271-8ec8-064f294aabb1,finance.green,premium,2750,2750,high,medium,7,dynadot,,,09/10/2026 18:59
359f455a-d8d3-43fd-9af1-d656c4577e97,banking.run,resell,,,high,low,7,,,,29/09/2026 01:02
a1b7e7f7-a13e-4925-b31f-433edbd898b7,banking.boston,premium,242,21.24,high,low,7,namesilo,,,29/09/2026 01:02
0ad10aa6-3b9e-44fc-948b-1ad71a1b74bd,banking.protection,available,2064.2,2064.2,high,low,7,spaceship,,,29/09/2026 01:02
ef525c90-d10a-4746-9224-d45c3df86286,credit.space,premium,2750,11000,high,low,6,dynadot,,,29/09/2026 09:26
e88c16ee-4da5-4dfb-854c-011d6435e7f0,bank.construction,resell,,,high,medium,4,Dynadot Inc,22/02/2026 18:02,22/02/2027 18:02,10/10/2026 03:15
a46798a2-019a-419d-95b3-b2c0aed94576,banking.salon,available,57.99,57.99,high,low,7,namesilo,,,29/09/2026 01:02
1cb67a32-225a-482e-b3a1-777aa002ce61,finance.host,premium,4140,4140,high,medium,7,namesilo,,,09/10/2026 18:59
1dc02d61-d726-4b69-aa9c-c7db2dd52296,credit.page,premium,638.72,638.72,high,low,6,namesilo,,,29/09/2026 09:26
b6667039-a1f6-4bb2-859a-1008e1327912,banking.rodeo,available,12.99,12.99,high,low,7,namesilo,,,29/09/2026 01:02
4f40dfec-c4cd-43e0-85e1-68304b71f6e8,loan.apartments,available,57.99,57.99,high,low,4,namesilo,,,25/09/2026 09:02
0210b78a-0f44-420f-be92-bc41d03e2dcc,banking.gifts,available,29.18,29.18,high,low,7,spaceship,,,29/09/2026 01:02
b062e9ae-8972-4387-9ca7-46440d9c79ec,bank.pet,resell,,,high,medium,4,"Xiamen ChinaSource Internet Service Co., Ltd",16/05/2026 15:15,16/05/2027 15:15,10/10/2026 03:15
2a6e0a45-c4e4-446a-a0f7-44851ae0119a,credit.pictures,available,15.49,15.49,high,low,6,namesilo,,,29/09/2026 09:26
9fef2ced-5312-4bf3-9292-e0cea3a94610,finance.repair,resell,,,high,medium,7,"Global Domains International, Inc. DBA DomainCostClub.com",08/12/2017 13:21,08/12/2026 13:21,09/10/2026 18:59
b9a65bde-5ba8-464a-bed6-4354e1f2ebd5,financial.loan,premium,5500,110,high,low,9,dynadot,,,09/10/2026 21:39
1a8c3a2e-ce4d-4db6-9057-4e200e924faf,bank.expert,premium,880,880,high,medium,4,dynadot,,,10/10/2026 03:15
6c68c4dc-3bf2-4022-809f-fe927a67061b,banking.bet,resell,,,high,low,7,"NameCheap, Inc.",07/04/2026 15:15,07/04/2027 15:15,29/09/2026 01:02
80a5d9e2-372e-4e62-a837-8c7b08972e24,bank.glass,available,58.16,58.16,high,medium,4,spaceship,,,10/10/2026 03:15
a1c05a5b-9720-446e-949e-4fe351fae454,bank.flights,premium,220,220,high,medium,4,dynadot,,,10/10/2026 03:15
a85521c9-0b40-4f5f-8d95-5ca8a07f79e6,finance.science,premium,640,77.35,high,medium,7,namesilo,,,09/10/2026 18:59
2e47cfb8-5f27-4d51-a6f2-c9a17c7f8e13,banking.cat,available,18.83,25.04,high,low,7,spaceship,,,29/09/2026 01:02
c73d09b3-6d1b-404f-b8ff-17a6255eac67,bank.democrat,available,7.25,7.25,high,medium,4,namesilo,,,10/10/2026 03:15
ad5b1c02-a7ff-407c-b660-1cad2e99a6be,loan.london,premium,3647.57,31.19,high,low,4,namesilo,,,25/09/2026 09:02
ea001b0b-366c-41eb-9d7c-082fed1fb6c0,credit.lifestyle,premium,724.7,1035.2,high,low,6,spaceship,,,29/09/2026 09:26
36a93a9a-8022-413c-8afb-949f9a763042,banking.photography,available,14.49,36.49,high,low,7,namesilo,,,29/09/2026 01:02
27799148-c1a4-4f71-91dc-bee47d78a6c6,banking.repair,available,5.98,47.48,high,low,7,namecheap,,,29/09/2026 01:02
8f95fb13-c579-4f9d-964e-c1fbbd0ade67,finance.bio,resell,,,high,medium,7,"Xiamen ChinaSource Internet Service Co., Ltd",25/12/2025 15:15,25/12/2026 15:15,09/10/2026 18:59
3f8dccf5-3e59-47f3-803e-7610ad3f052e,finance.creditcard,premium,109.53,218.86,high,medium,7,porkbun,,,09/10/2026 18:59
6a7f5a5b-400d-4282-9cd0-bc7aa245f21a,credit.kiwi,premium,202.8,202.8,high,low,6,namecheap,,,29/09/2026 09:26
4e4beb26-23f5-4766-b6cd-c89f3c79b1ef,bank.supplies,premium,854,854,high,medium,4,namesilo,,,10/10/2026 03:15
f3601a6f-27ce-45e9-93e8-81c3ae8762e0,loan.futbol,available,7.49,17.99,high,low,4,namesilo,,,25/09/2026 09:02
22165de8-af25-4e68-b69d-f269d6f517bf,loan.sexy,premium,13800,13800,high,low,4,namesilo,,,25/09/2026 09:02
311dc1cc-b093-489f-aa8d-5611b5ae96c1,finance.support,resell,,,high,medium,7,"Spaceship, Inc.",26/03/2014 16:00,26/03/2027 16:00,09/10/2026 18:59
3a1fe3f5-1bbb-4c9f-a404-b2356c0def57,credit.talk,premium,1100,1100,high,low,6,dynadot,,,29/09/2026 09:26
fbf20eab-063a-4773-a535-46ba2f8b3236,finance.kaufen,available,23.94,23.94,high,medium,7,spaceship,,,09/10/2026 18:59
97b00013-e8fb-435e-b17d-1b5214af5d0d,credit.codes,premium,102.67,102.67,high,low,6,spaceship,,,29/09/2026 09:26
e9444e3a-f30b-46a1-a911-684243fc23de,finance.shiksha,premium,4140,4140,high,medium,7,namesilo,,,09/10/2026 18:59
870dc2f4-d191-4d0c-8e14-e4accbf800f5,banking.observer,premium,26.08,26.08,high,low,7,spaceship,,,29/09/2026 01:02
f7c01c8b-44ef-4386-8fe3-9494a6013855,bank.day,premium,1298.7,1298.7,high,medium,4,namecheap,,,10/10/2026 03:15
f42b9d88-100a-4e31-a188-f32eb8056707,banking.dental,available,62.3,62.3,high,low,7,spaceship,,,29/09/2026 01:02
405d99cb-5377-4114-9bf9-c1cb828ab9f8,banking.events,premium,102.67,102.67,high,low,7,spaceship,,,29/09/2026 01:02
1b802b9b-fae4-4478-b707-5bc92ac4fec3,banking.la,resell,,,high,low,7,LA Domain Names,05/06/2023 08:46,05/06/2027 23:59,29/09/2026 01:02
dd025cfd-7c80-4639-a644-41e924ff0c89,bank.poker,premium,640,640,high,medium,4,namesilo,,,10/10/2026 03:15
84e31abb-8229-4809-8d83-1a9cbe66e732,bank.actor,available,8.48,35.39,high,medium,4,spaceship,,,10/10/2026 03:15
140f52bc-2142-4104-9354-ef497baf4fa5,credit.eco,premium,9750,74.75,high,low,6,namecheap,,,29/09/2026 09:26
5bd0ab7b-54c2-4bd9-95ea-08a50bfdee23,banking.cloud,premium,6900,6900,high,low,7,namesilo,,,29/09/2026 01:02
1eb76d56-d0e7-4132-8559-f3a3975df5e3,account.loans,premium,207.2,207.2,high,low,7,spaceship,,,05/10/2026 00:37
49bac8e3-2d62-4780-8b7e-3c60d443cbd9,banking.sale,premium,118.8,118.8,high,low,7,namesilo,,,29/09/2026 01:02
bd362fae-6416-467d-93ed-4724103798b9,bank.furniture,available,80.2,80.2,high,medium,4,cloudflare,,,10/10/2026 03:15
56377302-5664-46dd-bc53-bbf561d58c79,loan.place,resell,,,high,low,4,Dynadot Inc,08/01/2025 15:15,08/01/2027 15:15,26/09/2026 07:17
1fe15b15-0aa9-4ac3-870d-d553a0410bca,loan.productions,premium,260,260,high,low,4,namecheap,,,25/09/2026 09:02
50fd4c9d-ffe1-4fbf-8e0e-da5c6530e71b,loan.democrat,available,5.98,41.48,high,low,4,namecheap,,,25/09/2026 09:02
ab99fe35-f649-4379-b8f7-693a628e83f7,credit.limo,available,43.67,43.67,high,low,6,spaceship,,,29/09/2026 09:26
a0686522-70bd-4370-b579-c58b75f792d9,credit.moda,available,10.92,34.46,high,low,6,dynadot,,,29/09/2026 09:26
a2a1d11f-7509-4a5b-8ad5-33c2968a2999,finance.lawyer,premium,1035.2,1035.2,high,medium,7,spaceship,,,09/10/2026 18:59
79966989-41b7-4080-8594-ccd1b99b5ad0,loan.lighting,available,22.98,31.98,high,low,4,namecheap,,,25/09/2026 09:02
26b584ee-c175-45cb-8bcf-d036750f684d,credit.holdings,available,53.72,53.72,high,low,6,dynadot,,,29/09/2026 09:26
aaa3324a-1675-4fa1-bede-58ecb4938a51,banking.storage,available,465.95,500.2,high,low,7,spaceship,,,29/09/2026 01:02
c31a0189-9486-45b4-b732-c084afa79823,banking.co,resell,19380.95,48.99,high,low,7,"GoDaddy.com, LLC",24/02/2010 23:04,23/02/2027 23:59,29/09/2026 01:02
e379db9a-717c-4ad0-bba1-da8a36437855,bank.movie,available,36.43,279.65,high,medium,4,spaceship,,,10/10/2026 03:15
e362e067-c684-4c5d-a820-318dba54f230,banking.lat,resell,,,high,low,7,"GoDaddy.com, LLC",24/01/2026 03:00,24/01/2027 23:59,29/09/2026 01:02
311dc2d9-6234-4f90-952c-207e9affa576,loan.clothing,available,31.98,35.68,high,low,4,namecheap,,,25/09/2026 09:02
744d7f49-3302-45ec-8514-4e9e77f9eb40,banking.cc,resell,,,high,low,7,"GoDaddy.com, LLC",25/06/2011 09:02,25/06/2027 09:02,29/09/2026 01:02
b8f79386-03c4-49d8-b7d0-1c01b3950840,credit.ing,premium,3000.2,,high,low,6,unstoppable,,,29/09/2026 09:26
5f0e705d-b47c-4a7b-aba7-ae73d4d266be,credit.clothing,available,32.99,32.99,high,low,6,namesilo,,,29/09/2026 09:26
269b920e-2719-4fbf-be54-f6e0126a861a,bank.store,premium,2587.7,10350.2,high,medium,4,spaceship,,,10/10/2026 03:15
ae815b08-a269-46d4-92d2-ea26515b1b2a,banking.training,premium,207.2,207.2,high,low,7,spaceship,,,29/09/2026 01:02
d04885de-830b-4cbd-bfc1-382a62a39fe5,loan.ong,premium,65,32.5,high,low,4,namecheap,,,25/09/2026 09:02
3da045c3-4d66-4212-aebb-dfe1d9ac8071,credit.organic,available,17,,high,low,6,unstoppable,,,29/09/2026 09:26
f0de1c32-7646-4510-8710-693e4a389de2,loan.legal,resell,,,high,low,4,"GoDaddy.com, LLC",11/04/2023 03:58,11/04/2027 03:58,26/09/2026 07:17
47217d1a-4f4b-457d-aee2-cb3906d6966b,credit.locker,premium,5500,32.32,high,low,6,dynadot,,,29/09/2026 09:26
98229059-abd2-4e76-993d-c1aa2dedec31,bank.associates,premium,414.2,414.2,high,medium,4,spaceship,,,10/10/2026 03:15
fb606605-d8cb-4054-ba3a-c0cc8ac82281,banking.courses,premium,1107,1107,high,low,7,namesilo,,,29/09/2026 01:02
ffb67f9e-84c6-4995-ab28-d616c0b9311d,banking.fans,premium,55.11,109.69,high,low,7,porkbun,,,29/09/2026 01:02
19373df4-92c3-457d-9e92-73e90ca7bb73,bank.viajes,available,35.18,35.18,high,medium,4,spaceship,,,10/10/2026 03:15
b95dcf6e-4f3b-47cb-983d-91ae3c0fab33,bank.catering,premium,118.8,118.8,high,medium,4,namesilo,,,10/10/2026 03:15
6cfe092e-9e38-4d7b-9465-f93e7461bd6e,loan.fashion,resell,,,high,low,4,"Chengdu West Dimension Digital Technology Co., Ltd.",15/08/2026 15:46,15/08/2027 15:46,26/09/2026 07:17
39f83775-07ae-431b-bb43-482fae7fb991,bank.voting,available,1398,1448,high,medium,4,namecheap,,,10/10/2026 03:15
7aa68694-8094-4f8b-87a4-0c136af98718,finance.exposed,premium,242,242,high,medium,7,namesilo,,,09/10/2026 18:59
82ca7e53-1684-47e7-8036-325a545cd488,loan.now,resell,,,high,low,4,"Spaceship, Inc.",04/10/2024 01:02,04/10/2027 01:02,28/09/2026 05:07
594ced4e-403f-4172-b730-e35fd276a4e5,finance.salon,available,57.99,57.99,high,medium,7,namesilo,,,09/10/2026 18:59
85a00f1f-4404-46d1-a9eb-252139a9234e,loan.rehab,premium,1107,1107,high,low,4,namesilo,,,25/09/2026 09:02
d6082077-4ce0-4799-a2b8-f04f820a9f5f,banking.florist,available,32.99,32.99,high,low,7,namesilo,,,29/09/2026 01:02
5f742d35-21b7-4a7d-8adc-4db6bb1db35b,credit.realty,premium,3622.7,5175.2,high,low,6,spaceship,,,29/09/2026 09:26
40fb9a77-11cd-4609-a7cf-90a823f19471,loan.toys,available,17.99,64.99,high,low,4,namesilo,,,25/09/2026 09:02
0466d6ab-6c74-489a-8a5c-d580bec9cd1a,bank.partners,premium,414.2,414.2,high,medium,4,spaceship,,,10/10/2026 03:15
cb5ae12c-0e9f-4483-b33e-5aee5044c321,banking.online,available,,,high,low,7,,,,09/10/2026 09:41
0586643b-1f5e-4fa5-b202-530c225fc4e9,finance.srl,premium,54.28,30.68,high,medium,7,namesilo,,,09/10/2026 18:59
3ec55d9e-a78e-4a70-91d9-c706cdaa6b6b,bank.audio,available,93.35,103.4,high,medium,4,spaceship,,,10/10/2026 03:15
497f5068-8bf2-4191-b692-1f9349d50d89,banking.show,available,18.99,44.49,high,low,7,namesilo,,,29/09/2026 01:02
c1e381a9-2c30-4ef2-ae47-3d82b0379a88,banking.cruises,available,56.99,56.99,high,low,7,namesilo,,,29/09/2026 01:02
2d0de98e-5572-4d7c-84d1-1b8310262143,bank.sale,premium,1035.2,1035.2,high,medium,4,spaceship,,,10/10/2026 03:15
fc86ebef-5e32-4253-a47d-64ea7362b783,banking.singles,available,,,high,low,7,,,,09/10/2026 09:41
1eae51e8-9072-42f5-805c-63827e301121,bank.menu,available,27.99,27.99,high,medium,4,namesilo,,,10/10/2026 03:15
d8897d26-bc10-4b96-8857-8876aa8c4be0,finance.supplies,available,19.2,19.2,high,medium,7,cloudflare,,,09/10/2026 18:59
0ce60e20-7eae-47a9-9307-09d6b51c571d,bank.bar,premium,3260.45,4657.7,high,medium,4,spaceship,,,10/10/2026 03:15
ef2c98fb-a00e-4d51-a932-35f6e77d78b1,loan.florist,available,32.99,32.99,high,low,4,namesilo,,,25/09/2026 09:02
ff371fcb-f61c-4e27-bd5e-e9ec164aa069,bank.clinic,premium,102.67,102.67,high,medium,4,spaceship,,,10/10/2026 03:15
c12df6ae-838b-456a-a723-512efca748bb,bank.dealer,premium,1604.45,2070.2,high,medium,4,spaceship,,,10/10/2026 03:15
7fa64351-7080-4d7e-9583-7a12a63803d3,finance.insure,resell,,,high,medium,7,"Global Domains International, Inc. DBA DomainCostClub.com",10/05/2026 15:16,10/05/2027 15:16,09/10/2026 18:59
af71e043-dd3f-4f41-b107-3d90ae0e5a7b,banking.gold,resell,,,high,low,7,"DNSPod, Inc.",18/03/2018 23:20,18/03/2027 23:20,29/09/2026 01:02
6030ae25-2350-49dd-a238-0e287a588b27,banking.fm,available,69.98,118.98,high,low,7,namecheap,,,29/09/2026 01:02
80feee25-ca2d-4979-a84b-3a56d5574b1a,banking.democrat,available,7.25,32.99,high,low,7,namesilo,,,29/09/2026 01:02
15f25c37-35bf-40a2-8e6a-ddb8ac82bb85,bank.top,resell,,,high,medium,4,阿里云计算有限公司,04/12/2020 09:28,04/12/2030 09:28,10/10/2026 03:15
e7081ee0-0b43-4df3-8768-84a7c33ada7a,loan.gives,premium,85.8,85.8,high,low,4,namecheap,,,25/09/2026 09:02
7abb81d0-84a4-408a-975e-f88655dc97e0,bank.cars,available,1999.99,2199,high,medium,4,namesilo,,,10/10/2026 03:15
fabc053a-d783-4c62-bec0-8397fdb56449,credit.hamburg,available,69.98,73.98,high,low,6,namecheap,,,29/09/2026 09:26
e7516f62-4bb2-4bc3-9a18-b61eb7ca7cbd,credit.consulting,premium,414.2,828.2,high,low,6,spaceship,,,29/09/2026 09:26
86f4e9eb-aabb-4037-ac56-0293b85ea6a8,loan.catering,premium,128.7,128.7,high,low,4,namecheap,,,25/09/2026 09:02
29775409-1cf7-4223-b149-9ba542f3ee28,finance.pw,premium,5000,5175,high,medium,7,unstoppable,,,09/10/2026 18:59
ef205534-b4e9-4fb5-8fb0-80d607b31bcb,loan.storage,available,509.99,529.99,high,low,4,namesilo,,,25/09/2026 09:02
167018a6-82c0-4769-a2a1-7d44a742a646,loan.surgery,available,54.99,54.99,high,low,4,namesilo,,,25/09/2026 09:02
c6d7dd07-d9a5-441f-8b15-3d4d431b714c,banking.inc,premium,1692.6,2183.84,high,low,7,porkbun,,,29/09/2026 01:02
35a11177-5797-4559-bc6c-4e62b4031d48,loan.prof,premium,1688.7,1688.7,high,low,4,namecheap,,,25/09/2026 09:02
f625fdad-8408-4393-916d-9920c1fa9d12,banking.sucks,premium,13800,2658.67,high,low,7,namesilo,,,29/09/2026 01:02
7f9b4561-fba9-45e7-a408-bd8c2257863d,loan.training,available,8.98,53.98,high,low,4,namecheap,,,25/09/2026 09:02
3bf37577-b8c7-46fe-ae64-355cb8a9b362,credit.art,premium,3300,77,high,low,6,dynadot,,,29/09/2026 09:26
8c5af1a0-5039-4edd-8ec3-ded7064f51f7,credit.work,resell,,,high,low,6,"Xiamen ChinaSource Internet Service Co., Ltd",23/04/2021 16:00,23/04/2027 16:00,29/09/2026 09:26
4a3defbf-7b72-4795-b604-847827ffae24,banking.market,available,,,high,low,7,,,,09/10/2026 09:41
3a14aaae-4a41-428a-ae4d-28a9c59e0d53,banking.ltd,resell,,,high,low,7,Alibaba Cloud Computing Ltd. d/b/a HiChina (www.net.cn),21/06/2016 11:07,21/06/2027 11:07,29/09/2026 01:02
06402767-3bf0-45eb-a63b-f73863451daf,credit.lighting,available,8.24,19.48,high,low,6,dynadot,,,29/09/2026 09:26
57b235a9-d7b8-4540-8092-011c940d1ac5,finance.place,resell,,,high,medium,7,"Spaceship, Inc.",18/08/2023 15:15,18/08/2027 15:15,09/10/2026 18:59
a292301a-b69d-4708-b0d2-2202578a511f,credit.golf,available,6.98,83.98,high,low,6,namecheap,,,29/09/2026 09:26
a23db498-5558-4b4e-85f9-20c480615a15,finance.xyz,resell,,,high,medium,7,Unstoppable Domains Inc.,21/04/2021 05:02,21/04/2027 23:59,09/10/2026 18:59
b5de3f52-4810-4ce0-8514-28f485d4fd69,credit.gifts,premium,68.51,68.51,high,low,6,spaceship,,,29/09/2026 09:26
593d2669-6fbe-4856-af51-28e2a087f028,bank.maison,available,45.74,45.74,high,medium,4,spaceship,,,10/10/2026 03:15
cb2dedc1-f3af-480c-8bd2-1b4293596088,loan.bar,premium,1152,1152,high,low,4,namesilo,,,25/09/2026 09:02
1763ec5b-0cb5-4f86-8715-ecadc9608b54,banking.plus,resell,,,high,low,7,"DNSPod, Inc.",02/10/2018 06:41,02/10/2027 06:41,29/09/2026 01:02
920740ce-9b8a-4041-8c71-464a0761637e,banking.fail,available,38.99,38.99,high,low,7,namesilo,,,29/09/2026 01:02
bb55cd46-d2c3-413f-9f01-d30d02f59d69,banking.condos,available,46.78,46.78,high,low,7,spaceship,,,29/09/2026 01:02
5fa78c2b-71c3-4498-b0b2-e9bf08617883,finance.cricket,available,20.88,20.88,high,medium,7,spaceship,,,09/10/2026 18:59
bf621367-352b-468f-9f45-981b81590457,credit.game,premium,1345.7,1345.7,high,low,6,spaceship,,,29/09/2026 09:26
08e9316a-414d-43ed-b314-1a5a658340ae,finance.shopping,premium,512,512,high,medium,7,namesilo,,,09/10/2026 18:59
14cd7d61-18dc-4fae-b558-84537ac4a5c6,credit.you,premium,1300,1300,high,low,6,namecheap,,,29/09/2026 09:26
8691facc-c95e-4b42-8c3e-6505fa7b71a3,finance.mobi,resell,,,high,medium,7,"GoDaddy.com, LLC",11/05/2006 22:13,11/05/2027 22:13,09/10/2026 18:59
39c3ee8d-27f6-4e30-a5d0-51a6b56e1a60,loan.nexus,premium,1298.7,1298.7,high,low,4,namecheap,,,25/09/2026 09:02
7db09174-d1dd-44f1-a258-0294aaebe8d0,credit.gripe,available,5.38,5.38,high,low,6,spaceship,,,29/09/2026 09:26
b526457f-5a99-4976-8ee2-9e25873e9e49,banking.prof,premium,843.7,843.7,high,low,7,namecheap,,,29/09/2026 01:02
79b10bdd-b22a-4a31-b2ae-cbadae16db03,loan.tours,available,5.98,81.98,high,low,4,namecheap,,,25/09/2026 09:02
f32c4842-f12c-450e-bd5a-13ff15ba168b,banking.qpon,premium,275,21.94,high,low,7,dynadot,,,29/09/2026 01:02
0c98457a-47a8-4711-a7f0-e7da006e2236,loan.flowers,available,64.99,114.99,high,low,4,namesilo,,,25/09/2026 09:02
81cbfebb-cbf0-480e-8dc4-ea1094c46d23,loan.pw,premium,3450,3450,high,low,4,namesilo,,,25/09/2026 09:02
51786c12-6eca-4ecc-8a61-dc479ff2b319,credit.viajes,available,35.18,35.18,high,low,6,spaceship,,,29/09/2026 09:26
ea36c59c-4f70-474b-8089-51166eff9176,loan.faith,premium,1107,116,high,low,4,namesilo,,,25/09/2026 09:02
39d71b37-cd6a-4fb7-aa9c-eaf289cc4bfc,credit.mobi,resell,,,high,low,6,,,,29/09/2026 09:26
85eb440f-b5b1-4485-a318-1ab273481e91,loan.design,premium,116,116,high,low,4,namesilo,,,25/09/2026 09:02
2ecb26f5-bd04-4774-ab97-45b9e57783ec,loan.racing,premium,116,116,high,low,4,namesilo,,,25/09/2026 09:02
713d44da-61f2-48ef-a35c-bbdb060ced7b,banking.cash,resell,,,high,low,7,"Spaceship, Inc.",14/03/2022 19:42,14/03/2027 19:42,29/09/2026 01:02
5341bf13-0fb6-4b8a-b9f4-9b8a9fba2220,finance.theatre,available,465.95,500.18,high,medium,7,spaceship,,,09/10/2026 18:59
e553e82f-e437-458f-b519-880df9b1655a,loan.football,available,25.99,25.99,high,low,4,namesilo,,,25/09/2026 09:02
9f6f4fec-6498-4979-a27a-739a0c267f0e,credit.forex,premium,5000.5,,high,low,6,unstoppable,,,29/09/2026 09:26
6273aa8d-57e0-49a8-b972-942ea5f5b080,loan.wedding,premium,260,32.5,high,low,4,namecheap,,,25/09/2026 09:02
3faeff79-50f7-460b-802b-d7d7d582d696,banking.win,premium,362.45,51.95,high,low,7,spaceship,,,29/09/2026 01:02
d0cdca99-d155-415f-88c4-b087e33b990b,banking.golf,available,4.5,53.72,high,low,7,dynadot,,,29/09/2026 01:02
9146e86b-93bf-4565-9b5d-c84ce20a7a35,loan.parts,premium,118.8,118.8,high,low,4,namesilo,,,25/09/2026 09:02
be620914-eb41-4abf-825d-20dacad4dd7b,finance.events,premium,207.2,207.2,high,medium,7,spaceship,,,09/10/2026 18:59
35c4ca9d-6d6c-4943-9852-ccaab9471dfa,finance.hospital,available,74.99,74.99,high,medium,7,namesilo,,,09/10/2026 18:59
d98ae5e3-5166-4859-825c-878b95fe4e3d,credit.audio,available,107.22,107.22,high,low,6,dynadot,,,29/09/2026 09:26
5b1e2930-7b68-430e-bc57-341a6872a2e5,credit.world,resell,,,high,low,6,"Spaceship, Inc.",29/03/2019 11:12,29/03/2027 11:12,29/09/2026 09:26
2a7851a8-9628-4a37-aacd-fcd025035867,credit.software,premium,207.2,207.2,high,low,6,spaceship,,,29/09/2026 09:26
9896e102-f2f4-4450-bbbd-b5a6b408984e,bank.parts,premium,78.54,78.54,high,medium,4,namesilo,,,10/10/2026 03:15
6f6330cd-b10a-4f3e-90a0-087d712c4962,bank.one,premium,6900,6900,high,medium,4,namesilo,,,10/10/2026 03:15
2f45f83a-8459-4c04-bd08-06e05ef180f0,bank.forsale,resell,,,high,medium,4,"Sav.com, LLC - 47",08/10/2025 15:16,08/10/2027 15:16,10/10/2026 03:15
b42bc9cd-ea37-42e4-b958-b98592d8b156,finance.sale,premium,512,512,high,medium,7,namesilo,,,09/10/2026 18:59
6f74de1e-31a9-4d94-a9f1-1b2cc3b90b2d,banking.reise,available,27.89,97.99,high,low,7,namesilo,,,29/09/2026 01:02
cf65aef2-5e78-4f23-b20d-300018764726,banking.hiphop,available,,,high,low,7,,,,09/10/2026 09:41
109f1d41-6d8f-496f-9651-f59c59dd3c42,banking.travel,available,27.99,149.99,high,low,7,namesilo,,,29/09/2026 01:02
a74cea0c-5ca0-4bb3-8be6-427c128d573b,banking.fishing,available,26.26,26.26,high,low,7,porkbun,,,29/09/2026 01:02
cf47d896-8e80-417b-8733-3a68d9aad975,bank.fm,premium,13793.1,102,high,medium,4,namesilo,,,10/10/2026 03:15
b7bcb20f-7f2f-4743-bcae-94d5cb31d2fd,banking.tires,available,5.99,78.99,high,low,7,namesilo,,,29/09/2026 01:02
d5f9112e-7abe-4b95-a28e-70824ff759b5,credit.degree,premium,62.3,62.3,high,low,6,spaceship,,,29/09/2026 09:26
2619e40f-3685-469e-88b9-c1e4fe6a2c79,loan.events,premium,512,512,high,low,4,namesilo,,,25/09/2026 09:02
5f2d663b-e920-4cb4-bf7c-e29bdb27be4a,finance.rodeo,available,10.2,10.2,high,medium,7,cloudflare,,,09/10/2026 18:59
dd3e80b3-e5f6-4ddd-9093-3491eba51728,banking.town,available,28.2,28.2,high,low,7,cloudflare,,,29/09/2026 01:02
e692f896-1823-4748-bd22-b41a2127a03f,bank.life,resell,,,high,medium,4,"Spaceship, Inc.",12/09/2016 22:35,12/09/2027 22:35,10/10/2026 03:15
ea7160b7-5622-4390-8390-f7075ac12e5e,loan.hamburg,available,69.98,73.98,high,low,4,namecheap,,,25/09/2026 09:02
574b11f7-2095-4146-ad77-8e322b3cb7cb,bank.mom,premium,832,832,high,medium,4,namesilo,,,10/10/2026 03:15
be2c87b2-2fa9-4911-8f58-61222e4a740c,loan.works,resell,,,high,low,4,"Sav.com, LLC",11/06/2026 08:12,11/06/2027 08:12,26/09/2026 07:17
bbdd7fa5-13ff-4edd-8df6-3380687a4ad5,bank.rsvp,premium,1034.17,1034.17,high,medium,4,spaceship,,,10/10/2026 03:15
e79b43a9-0131-4604-a45d-325ced8b8ee3,credit.restaurant,available,11.98,81.98,high,low,6,namecheap,,,29/09/2026 09:26
4722953a-8611-4740-805e-b7df1b713d95,bank.voto,available,11.98,86.98,high,medium,4,namecheap,,,10/10/2026 03:15
cbeb7899-b636-4973-a463-81dcab5bff1e,bank.cruises,available,56.99,56.99,high,medium,4,namesilo,,,10/10/2026 03:15
112be013-0c7c-46e8-a001-e9cf4323f3cf,bank.pics,resell,,,high,medium,4,Dynadot Inc,23/08/2026 12:12,23/08/2027 23:59,10/10/2026 03:15
f511e5eb-8863-4a0a-a861-59aefa41542a,loan.delivery,premium,260,260,high,low,4,namecheap,,,25/09/2026 09:02
29b1222f-059f-4a9c-8a04-8340c4efedb5,credit.delivery,premium,118.8,118.8,high,low,6,namesilo,,,29/09/2026 09:26
5240f9e7-57cc-4ed0-99d8-4d691db508db,bank.study,premium,1035.2,1035.2,high,medium,4,spaceship,,,10/10/2026 03:15
0e1ea673-58fe-413a-a286-ff04246c0ad9,bank.press,premium,4140,4140,high,medium,4,namesilo,,,10/10/2026 03:15
9f0179c5-8dd0-433e-a449-0e8932e51fe9,banking.college,premium,517.7,517.7,high,low,7,spaceship,,,29/09/2026 01:02
a11eab07-db70-4110-b26f-52e116d46324,banking.osaka,available,,,high,low,7,,,,09/10/2026 09:41
74431672-e7a7-463e-a90d-47157a3eed73,credit.moe,available,13.99,13.99,high,low,6,namesilo,,,29/09/2026 09:26
0eb0c4ef-a966-4117-9d20-338749b5d4a1,bank.locker,premium,1654.52,8.8,high,medium,4,namesilo,,,10/10/2026 03:15
e89a81b9-611e-4968-a820-1ba66b748d2b,finance.photo,premium,103.7,103.7,high,medium,7,spaceship,,,09/10/2026 18:59
728ebe7b-cba1-4d88-85ab-af7944bcc0c6,credit.partners,premium,99.5,118.8,high,low,6,unstoppable,,,29/09/2026 09:26
c610b1bc-5f87-4d00-aa0e-25a3a72249b9,loan.degree,premium,242,242,high,low,4,namesilo,,,25/09/2026 09:02
5faaa893-000b-4a5b-bb7f-89e8311d3ded,loan.yoga,available,32.49,32.49,high,low,4,namesilo,,,25/09/2026 09:02
52deb166-5d6a-44f1-8704-2ede2c2b07e6,banking.tv,available,,,high,low,7,,,,09/10/2026 09:41
f8678ca8-06aa-4547-84fd-d9dcc0e85cbf,finance.boutique,resell,,,high,medium,7,"Global Domains International, Inc. DBA DomainCostClub.com",24/06/2026 15:15,24/06/2027 15:15,09/10/2026 18:59
5202fbcd-121f-4666-acc9-8fed61218201,banking.healthcare,available,88.99,88.99,high,low,7,namesilo,,,29/09/2026 01:02
8cb09e77-91e3-42f8-b1f2-c9ec564231ea,bank.fishing,available,26.08,26.08,high,medium,4,spaceship,,,10/10/2026 03:15
7a2cfc4c-7e3d-4c07-b9f2-2f454b37cb9c,banking.futbol,available,5.38,13.66,high,low,7,spaceship,,,29/09/2026 01:02
6880e126-8ba5-41cd-ba1e-d7c0acdb807c,credit.kitchen,premium,400.5,,high,low,6,unstoppable,,,29/09/2026 09:26
5590af96-5a1d-4547-9295-f3ed2cc3e68b,finance.diamonds,available,42.2,42.2,high,medium,7,cloudflare,,,09/10/2026 18:59
8b35b120-57b9-4cb9-ae1b-aa460bb82241,bank.cam,premium,854,16.52,high,medium,4,namesilo,,,10/10/2026 03:15
338221c8-98c0-4fe4-af2d-ada4d37d1b84,loan.haus,available,11.98,37.98,high,low,4,namecheap,,,25/09/2026 09:02
e6060817-33a6-4aaa-a085-f4f036db59db,credit.fit,resell,,,high,low,6,"GoDaddy.com, LLC",29/04/2015 20:02,29/04/2027 20:02,29/09/2026 09:26
94c9a8a5-d5b9-423e-ac2d-e5f40f6a2176,credit.vana,available,2298,2498,high,low,6,namecheap,,,29/09/2026 09:26
d4431c4e-86a6-4747-ae3e-0e614ce9dafb,bank.ca,resell,,,high,medium,4,CanSpace Solutions Inc.,08/02/2005 19:00,08/02/2027 05:00,10/10/2026 03:15
fa97c068-c1c0-43e2-be19-7d687872bb58,bank.gripe,premium,78.54,78.54,high,medium,4,namesilo,,,10/10/2026 03:15
b1dd7578-424c-45eb-91b6-6181d582f478,credit.pink,available,13.5,,high,low,6,unstoppable,,,29/09/2026 09:26
68ec94bf-9951-44f3-bb93-b807e2ca1c25,bank.phd,premium,,,high,medium,4,,,,10/10/2026 03:15
e98ca13f-ae00-448a-a441-d33a514bbed9,credit.football,available,20.2,20.2,high,low,6,cloudflare,,,29/09/2026 09:26
5184332a-e02c-4d21-9ae7-8368b5731b73,loan.one,premium,6900,6900,high,low,4,namesilo,,,25/09/2026 09:02
e5079924-dec7-4eec-9907-aa164291bc46,finance.kitchen,premium,512,512,high,medium,7,namesilo,,,09/10/2026 18:59
9a64612c-eda1-4f72-9359-e9512159968d,finance.dental,available,90.48,110.98,high,medium,7,namecheap,,,09/10/2026 18:59
46794d21-5c8c-4ea1-94ec-7120f22371d2,banking.adult,available,95.2,95.2,high,low,7,cloudflare,,,29/09/2026 01:02
6a798f74-da81-4ad3-83cd-b5b70a799b19,banking.horse,available,25.2,25.2,high,low,7,cloudflare,,,29/09/2026 01:02
128d74f3-8ef0-4d02-8f73-0a7783d6bc84,loan.exposed,premium,242,242,high,low,4,namesilo,,,25/09/2026 09:02
fa44ae31-d37d-47ec-8612-07d1fe0653d6,loan.icu,premium,390,780,high,low,4,namecheap,,,25/09/2026 09:02
4e2d3124-82ad-4581-9c9f-e5446c4c058d,credit.dental,premium,242,242,high,low,6,namesilo,,,29/09/2026 09:26
0f5b09d9-430d-4acb-a2ab-8ec55cfea4ae,loan.observer,premium,1107,1107,high,low,4,namesilo,,,25/09/2026 09:02
fc8a02b1-949a-4473-900f-d9afdf5cc473,banking.info,resell,,,high,low,7,,,,29/09/2026 01:02
2f81905a-1494-4114-b74d-db26693dadf5,credit.shop,resell,,,high,low,6,,,,29/09/2026 09:26
d0d9b122-37fb-4d88-8f99-347b19371389,bank.singles,available,9.49,33.99,high,medium,4,namesilo,,,10/10/2026 03:15
b0c66aaf-a09f-42a2-adb6-f70e6eced36a,finance.dentist,premium,242,242,high,medium,7,namesilo,,,09/10/2026 18:59
f479fd98-9468-426f-83ce-0359efe36d59,credit.phd,premium,811.25,,high,low,6,name.com,,,29/09/2026 09:26
4dbae1d6-a21c-49b1-b865-5194a16ed8a1,loan.hospital,available,57.99,57.99,high,low,4,namesilo,,,25/09/2026 09:02
2d7ebcdf-0a61-4862-aa01-cf5e32df7290,banking.deal,premium,103.7,103.7,high,low,7,spaceship,,,29/09/2026 01:02
9c7e8879-853a-4743-b00a-5933c56d5ca4,bank.help,premium,455,650,high,medium,4,namecheap,,,10/10/2026 03:15
b5286866-e0b8-4304-ae6b-a8d12d34d2c0,bank.surgery,premium,242,242,high,medium,4,namesilo,,,10/10/2026 03:15
f74163b9-ca07-4ce1-b074-a33038d1f3e6,bank.wine,resell,,,high,medium,4,"Name.com, Inc.",19/08/2023 14:21,19/08/2027 14:21,10/10/2026 03:15
af831fcf-b756-4abc-822b-2c335f80b107,bank.coffee,resell,,,high,medium,4,"Sav.com, LLC - 23",26/05/2026 15:15,26/05/2027 15:15,10/10/2026 03:15
043a248e-8cc1-46a1-976d-acd69e4a3911,bank.exposed,premium,414.2,414.2,high,medium,4,spaceship,,,10/10/2026 03:15
f101094e-1ab8-4bcc-8879-b53480ac7622,bank.events,premium,414.2,414.2,high,medium,4,spaceship,,,10/10/2026 03:15
2e3b2ec0-0b43-4dcc-b36a-ac799486b58f,finance.blue,resell,,,high,medium,7,"Spaceship, Inc.",16/09/2018 01:53,16/09/2027 01:53,09/10/2026 18:59
dd75cea4-8fc0-4001-9670-bf17110e7cb9,finance.degree,premium,1107,1107,high,medium,7,namesilo,,,09/10/2026 18:59
c36999a2-804f-4c0c-8ce8-ba1869ac932e,loan.institute,premium,118.8,118.8,high,low,4,namesilo,,,25/09/2026 09:02
09ae8e27-2bff-4fe6-a30e-4ef8fdc8d969,loan.ooo,premium,43677,119.99,high,low,4,namesilo,,,25/09/2026 09:02
c67d49cf-8d13-4e71-a2c3-4c27a4849eaa,bank.ac,resell,,,high,medium,4,1API GmbH,24/08/2014 19:00,24/08/2027 19:00,10/10/2026 03:15
f9998d16-01ac-4860-81b9-780c2f3059a3,bank.rodeo,premium,104,13,high,medium,4,namecheap,,,10/10/2026 03:15
23338620-2d3f-401f-bfae-c03a6369e24a,bank.talk,premium,258.95,258.95,high,medium,4,spaceship,,,10/10/2026 03:15
88cddf34-f285-4810-8d7d-3e23b2fe1298,loan.deals,premium,854,854,high,low,4,namesilo,,,25/09/2026 09:02
48857bdb-fc75-4477-9425-c38a962ec92f,bank.uno,premium,2587.7,2587.7,high,medium,4,spaceship,,,10/10/2026 03:15
1cd95ea0-dd2c-4723-a2ad-b2e90028b864,banking.attorney,premium,1035.2,1035.2,high,low,7,spaceship,,,29/09/2026 01:02
e6fd19ee-59c1-429f-9250-cd4f3bf27c0a,finance.ca,resell,,,high,medium,7,SN Domains LTD.,31/10/2000 19:40,04/09/2027 04:00,09/10/2026 18:59
902a9b8d-fab6-466f-9c10-c268c474a2fd,loan.kim,available,5.98,32.98,high,low,4,namecheap,,,25/09/2026 09:02
8bca2d0b-15ee-471d-8839-d3846b1ef34a,banking.paris,available,,,high,low,7,,,,09/10/2026 09:41
ab3107c6-359e-48c2-9188-6153dc4fbbd6,finance.health,premium,10350,71.4,high,medium,7,namesilo,,,09/10/2026 18:59
b7f699de-ebf6-4819-bbc2-33645162b61b,loan.ninja,premium,512,512,high,low,4,namesilo,,,25/09/2026 09:02
ccc05df4-b9fe-4750-9c39-97a8fb307128,loan.show,resell,,,high,low,4,"Chengdu West Dimension Digital Technology Co., Ltd.",18/03/2019 17:01,18/03/2027 17:01,26/09/2026 07:17
87d4b329-2d10-4744-a4c8-b6d1d5dbffee,loan.creditcard,premium,242,242,high,low,4,namesilo,,,25/09/2026 09:02
9162a626-7d59-4d2e-88ea-02eae9f5f038,banking.property,available,,,high,low,7,,,,09/10/2026 09:41
1f9f87a7-7e88-4f81-8a8f-95ac7b12463e,bank.online,premium,34500,34500,high,medium,4,namesilo,,,10/10/2026 03:15
bcaca703-34dc-4f8a-8076-dbb36f63603e,banking.watch,available,3,36.6,high,low,7,dynadot,,,29/09/2026 01:02
25b0affa-ef6d-4515-9647-0456092c04fd,finance.jewelry,available,10.92,60.14,high,medium,7,dynadot,,,09/10/2026 18:59
dc20b90a-0024-4ba8-a6dd-ebfef6b0e889,banking.support,premium,38.94,38.94,high,low,7,namesilo,,,29/09/2026 01:02
64674abb-b399-495b-9625-e830822caf7a,loan.pizza,available,5.98,83.98,high,low,4,namecheap,,,25/09/2026 09:02
dd498829-14c7-494b-ba37-d9ee2ef48cfc,bank.auction,resell,,,high,medium,4,"eNom, LLC",07/12/2014 17:00,07/12/2026 17:00,10/10/2026 03:15
a780d6fd-4b21-4707-b2ff-ecdbef50915a,finance.charity,premium,242,242,high,medium,7,namesilo,,,09/10/2026 18:59
a4f37746-a250-456f-86d9-7297750f41f4,bank.cab,resell,,,high,medium,4,"DNSPod, Inc.",09/05/2025 00:16,09/05/2030 00:16,10/10/2026 03:15
5bd87d4c-cf4b-4fa5-a5bf-13df9bde64f0,loan.school,premium,130,260,high,low,4,namecheap,,,25/09/2026 09:02
d5bb55bd-61d6-4f67-b1b3-623402fd92b6,loan.photos,available,15.99,29.99,high,low,4,namesilo,,,25/09/2026 09:02
9561b022-9902-4301-849d-739371e62ae1,banking.enterprises,available,11.49,35.99,high,low,7,namesilo,,,29/09/2026 01:02
ce113b8e-050e-4698-bca1-a54dc06980c4,credit.movie,available,36.43,279.65,high,low,6,spaceship,,,29/09/2026 09:26
8e4db685-2b7e-453f-89a4-d56a82c63888,bank.taxi,available,10.99,62.99,high,medium,4,namesilo,,,10/10/2026 03:15
77808c68-4848-48f1-9175-6d20f88397f8,banking.auto,available,2140.22,2140.22,high,low,7,dynadot,,,29/09/2026 01:02
38340f33-93bc-4094-bf5a-df28191abc87,finance.fail,premium,118.8,118.8,high,medium,7,namesilo,,,09/10/2026 18:59
a00abe4b-5ba7-4a83-961d-84541db663d7,finance.luxe,resell,,,high,medium,7,"GoDaddy.com, LLC",05/05/2021 12:52,05/05/2027 12:52,09/10/2026 18:59
28ad5671-a2a8-400f-9931-5c1804a212a7,finance.esq,premium,1344.67,1344.67,high,medium,7,spaceship,,,09/10/2026 18:59
02a5408d-4873-4e3a-b973-c4e9935d10ba,finance.faith,premium,650,84.5,high,medium,7,namecheap,,,09/10/2026 18:59
483a9ceb-7ba7-4bf1-9dd2-30597a795080,banking.vote,available,34.99,90.99,high,low,7,namesilo,,,29/09/2026 01:02
9b8580d8-ddf6-4201-87e9-abc65c0a6982,finance.red,resell,,,high,medium,7,"Spaceship, Inc.",01/05/2025 15:15,01/05/2027 15:15,09/10/2026 18:59
39eb40a9-7b28-425f-951b-131415a404f9,loan.university,premium,128.7,128.7,high,low,4,namecheap,,,25/09/2026 09:02
6b3d5878-8c7c-40a1-a04a-94f64f0a77f0,banking.webcam,premium,640,77.35,high,low,7,namesilo,,,29/09/2026 01:02
2a12ad8f-7f3e-44de-9cf8-b7ca3e7bce5f,bank.cafe,resell,,,high,medium,4,"DNSPod, Inc.",03/10/2020 05:48,03/10/2030 05:48,10/10/2026 03:15
05f930bf-22ae-4457-8838-0339702a5595,banking.free,premium,103.7,103.7,high,low,7,spaceship,,,29/09/2026 01:02
8f4da47b-59cc-42ad-8921-7a4ba2409582,credit.porn,resell,,,high,low,6,"Name.com, Inc.",09/06/2017 14:28,09/06/2027 14:28,29/09/2026 09:26
8d1c1ca8-5ee7-4b46-a054-5094321abb2f,banking.how,premium,768.3,768.3,high,low,7,namecheap,,,29/09/2026 01:02
f40574ac-2a4d-47c9-afea-06635f61f10a,loan.studio,premium,242,242,high,low,4,namesilo,,,25/09/2026 09:02
5f599120-3457-416c-ac17-38a2a156845e,banking.shiksha,premium,640,640,high,low,7,namesilo,,,29/09/2026 01:02
d1e20f26-4d2f-415d-a038-81e67a73635d,banking.bid,available,4.18,5.18,high,low,7,cloudflare,,,29/09/2026 01:02
c9935ff6-3a5b-4419-83e9-ad02c42d426e,credit.builders,resell,,,high,low,6,"Spaceship, Inc.",24/03/2014 00:23,24/03/2027 00:23,29/09/2026 09:26
0a4d60c6-d939-48f6-83db-384ab617013c,loan.limited,premium,78.54,78.54,high,low,4,namesilo,,,25/09/2026 09:02
65a90055-dfae-48ad-b907-dc0740ee0e1b,credit.photo,premium,130,130,high,low,6,namecheap,,,29/09/2026 09:26
b78da4d4-7479-464d-a66b-56b967445608,finance.surgery,premium,414.2,414.2,high,medium,7,spaceship,,,09/10/2026 18:59
0ed67264-87a1-4cba-9098-d73870368686,credit.cruises,available,44.71,44.71,high,low,6,spaceship,,,29/09/2026 09:26
d8e7d4dc-2df8-4133-8a66-71aaacd90895,finance.attorney,premium,1107,1107,high,medium,7,namesilo,,,09/10/2026 18:59
e70cd882-74d4-41f3-a33d-fe19657a7344,credit.industries,premium,242,242,high,low,6,namesilo,,,29/09/2026 09:26
fd701f50-ef63-4ced-b432-a14d1a0a1d16,loan.esq,premium,1688.7,1688.7,high,low,4,namecheap,,,25/09/2026 09:02
6ca40279-7ec6-4205-b1fe-1da8143c1703,finance.fan,premium,102.67,102.67,high,medium,7,spaceship,,,09/10/2026 18:59
2344815f-f752-4d7c-af27-0136a85bbc35,credit.hiphop,available,20.9,20.9,high,low,6,spaceship,,,29/09/2026 09:26
ed1d7de7-4e14-444b-a588-d58db991ef1e,banking.hamburg,available,69.98,73.98,high,low,7,namecheap,,,29/09/2026 01:02
5add3673-4bb5-407c-887c-d1bdec39453d,loan.meme,premium,1690,1690,high,low,4,namecheap,,,25/09/2026 09:02
d2eebd9d-fa2c-4d4e-bc85-e2baa58d7f5d,loan.wine,premium,512,512,high,low,4,namesilo,,,25/09/2026 09:02
1252e193-1ed0-4b31-8a74-180867940bc7,loan.gratis,premium,242,242,high,low,4,namesilo,,,25/09/2026 09:02
3b43577c-e807-4981-8dfe-e51d49c43025,banking.supply,available,25.99,25.99,high,low,7,namesilo,,,29/09/2026 01:02
356fe0e1-f973-4240-b805-27b00c2a8407,bank.town,premium,512,512,high,medium,4,namesilo,,,10/10/2026 03:15
602820b3-1e97-43a9-a7be-fdd37c6a6341,finance.uno,premium,5175.2,5175.2,high,medium,7,spaceship,,,09/10/2026 18:59
207c7d35-0ed2-44bd-b320-d131770b0f7c,loan.melbourne,available,58,58,high,low,4,namesilo,,,25/09/2026 09:02
8f3809ff-8bd9-41b9-9c42-b1c542fcea61,credit.cool,premium,,,high,low,6,,,,29/09/2026 09:26
eca8af08-6519-418f-86ce-192746b06d97,credit.agency,resell,,,high,low,6,Dynadot Inc,26/06/2015 17:13,26/06/2029 17:13,29/09/2026 09:26
4a99dd45-dde5-47d4-9429-27b795d8ad84,loan.onl,premium,162.5,325,high,low,4,namecheap,,,25/09/2026 09:02
b309ce4a-a085-4897-8846-297e55ad0d64,bank.shopping,resell,,,high,medium,4,"Xiamen ChinaSource Internet Service Co., Ltd",06/12/2025 15:15,06/12/2026 15:15,10/10/2026 03:15
f0700cc1-887c-4877-8539-a0c50f2ebe36,finance.mom,premium,672.95,672.95,high,medium,7,spaceship,,,09/10/2026 18:59
88c487c8-049e-4e68-b4b5-29c319544f18,finance.contact,resell,,,high,medium,7,Porkbun LLC,09/12/2020 16:00,09/12/2026 16:00,09/10/2026 18:59
b61f3cdb-2016-4784-beda-7a7051fe066d,loan.rocks,available,11.99,21.99,high,low,4,namesilo,,,25/09/2026 09:02
d2e6a268-4355-43b3-a061-962cec283e44,loan.travel,available,27.99,149.99,high,low,4,namesilo,,,25/09/2026 09:02
6a7b4637-5063-4c67-8fc1-6190080a77ee,credit.furniture,available,80.2,80.2,high,low,6,cloudflare,,,29/09/2026 09:26
5090113f-8095-4e5e-b586-ac4d1fad1780,bank.army,premium,68.51,68.51,high,medium,4,spaceship,,,10/10/2026 03:15
59120e19-01d5-40be-9492-bd6f49a76de1,banking.garden,premium,512,29.5,high,low,7,namesilo,,,29/09/2026 01:02
37429175-da6b-4f36-b983-fd2769709b7a,bank.show,resell,,,high,medium,4,"DNSPod, Inc.",16/12/2023 15:15,16/12/2026 15:15,10/10/2026 03:15
cca94c43-4585-4fda-bd24-9a0a0490b456,banking.ltda,available,34.99,34.99,high,low,7,namesilo,,,29/09/2026 01:02
39291a74-95b3-4756-962d-2e31e7f411a6,finance.party,resell,,,high,medium,7,Dynadot Inc,04/05/2016 06:58,03/05/2027 23:59,09/10/2026 18:59
144bfbe7-c2e2-4e50-8f1c-9588968cf796,bank.email,resell,,,high,medium,4,"DNSPod, Inc.",23/09/2023 15:15,23/09/2027 15:15,10/10/2026 03:15
8313fc62-09cb-4b73-be4d-0d62a2584e8f,credit.plumbing,available,72.99,72.99,high,low,6,namesilo,,,29/09/2026 09:26
c9cec839-8c3f-4f14-b789-b4f2d277732a,loan.blue,available,13.98,32.98,high,low,4,namecheap,,,25/09/2026 09:02
08b6a820-db5a-4a1c-8ae2-abcf270f3243,banking.red,available,11.49,23.49,high,low,7,namesilo,,,29/09/2026 01:02
6a65ec15-f868-408f-8db2-300085f061b4,loan.photo,premium,130,130,high,low,4,namecheap,,,25/09/2026 09:02
dae4ca63-929c-4797-98fe-add0eb8fe82c,banking.dance,available,9.52,21.94,high,low,7,spaceship,,,29/09/2026 01:02
7bcf5e73-5111-4447-9651-751273968144,loan.xyz,resell,,,high,low,4,"GoDaddy.com, LLC",07/12/2021 04:49,07/12/2026 23:59,26/09/2026 07:17
4a620568-d53a-4760-ad27-c996cb127662,finance.accountant,premium,640,77.35,high,medium,7,namesilo,,,09/10/2026 18:59
525a7aa2-85cb-49e5-ad1b-943e07b222bc,bank.party,resell,,,high,medium,4,Key-Systems LLC,23/02/2015 09:52,22/02/2029 23:59,10/10/2026 03:15
0a714614-6aca-4b34-921a-24a8378a407b,loan.dance,available,10.48,36.98,high,low,4,namecheap,,,25/09/2026 09:02
a7fe2114-ecb7-455b-aa54-87b0e68a9590,bank.hiv,available,184.9,184.9,high,medium,4,spaceship,,,10/10/2026 03:15
fe1f0856-376a-44cc-8425-0b0b37de1f8f,credit.healthcare,premium,118.8,118.8,high,low,6,namesilo,,,29/09/2026 09:26
9abbd067-c88e-4b7c-9793-ea88d37a2864,finance.fit,premium,2600,32.5,high,medium,7,namecheap,,,09/10/2026 18:59
4c57d0f1-cc32-48f7-afd0-6b728ca29466,credit.channel,premium,516.67,516.67,high,low,6,spaceship,,,29/09/2026 09:26
b45570c3-4b48-4217-b50b-b4a174f9a065,banking.kids,premium,310.7,18.83,high,low,7,spaceship,,,29/09/2026 01:02
86b72a63-88d3-4125-9827-7b383f4b6b60,credit.gg,resell,,,high,low,6,"NameCheap, Inc (https://www.namecheap.com)",,,29/09/2026 09:26
30c2ecde-93ab-4adb-852a-313b90908292,banking.kim,premium,242,242,high,low,7,namesilo,,,29/09/2026 01:02
5991c085-d48f-4d0f-bdb5-d14f3daa265c,credit.tax,premium,78.54,78.54,high,low,6,namesilo,,,29/09/2026 09:26
fe6a6591-c881-4a08-932a-c7309d030d0d,credit.meme,premium,155.45,155.45,high,low,6,spaceship,,,29/09/2026 09:26
bf73bf31-5baf-40d8-890d-da5cd73a50cb,credit.actor,available,16.99,44.49,high,low,6,namesilo,,,29/09/2026 09:26
57eda991-980d-4904-bc52-e70ae973ca83,loan.nyc,premium,6900,29.5,high,low,4,namesilo,,,25/09/2026 09:02
a2c2d35f-f344-4e85-ab36-fc699994918a,banking.organic,available,17.99,85.99,high,low,7,namesilo,,,29/09/2026 01:02
c877f7d6-3bfa-4085-a2ce-66444ed27ed1,loan.education,premium,512,512,high,low,4,namesilo,,,25/09/2026 09:02
b202b201-7b33-4e61-be8b-9a336f39a711,loan.engineer,available,40.98,52.98,high,low,4,namecheap,,,25/09/2026 09:02
68049d33-06e9-442c-a7f8-75300415e0d2,credit.so,resell,,,high,low,6,NameCheap,28/04/2011 00:00,28/04/2026 00:00,
414448d3-9dc9-4dbc-a7c6-392957dd0b28,loan.review,premium,3450,116,high,low,4,namesilo,,,25/09/2026 09:02
99fee9a6-a7de-4819-91a2-17ca12ee0585,banking.bot,premium,1107,1107,high,low,7,namesilo,,,29/09/2026 01:02
f6d52f85-c6d0-4a3d-b567-5e3d27da1d6f,bank.college,premium,242,242,high,medium,4,namesilo,,,10/10/2026 03:15
3ee8226c-e6dd-46d2-8603-41529a863027,loan.actor,available,16.99,44.49,high,low,4,namesilo,,,25/09/2026 09:02
f8694bcc-82ee-4ec1-a087-e8676bf82806,bank.domains,premium,512,512,high,medium,4,namesilo,,,10/10/2026 03:15
80a09b03-8c7f-4d4c-b421-f50dba25d497,banking.jetzt,available,18.83,18.83,high,low,7,spaceship,,,29/09/2026 01:02
583a3ce4-2b9d-4dc7-bc1a-a075ae67ef3a,bank.gay,premium,832,832,high,medium,4,namesilo,,,10/10/2026 03:15
6da0ceec-b922-4e53-b589-eb579f6ca737,credit.hot,premium,116,116,high,low,6,namesilo,,,29/09/2026 09:26
a194e047-96ee-4e47-bc8d-ba26ebe2b673,loan.mba,available,17.99,39.99,high,low,4,namesilo,,,25/09/2026 09:02
414ed77b-0882-4af0-a301-9076d9c5f273,credit.free,premium,1000.5,1107,high,low,6,unstoppable,,,29/09/2026 09:26
f60aa694-b2e9-47d6-8dff-5fafd99076bf,loan.gripe,premium,42.9,42.9,high,low,4,namecheap,,,25/09/2026 09:02
1b65f48f-302a-4c66-8293-7448b8fef99d,banking.consulting,premium,1107,1107,high,low,7,namesilo,,,29/09/2026 01:02
219200e8-45a7-4e6f-9e3d-5b1fc5ad6e14,finance.sarl,premium,85.8,85.8,high,medium,7,namecheap,,,09/10/2026 18:59
21d7c1fc-de85-4d5c-9d5e-0f647f3ab64c,bank.network,resell,,,high,medium,4,"Global Domains International, Inc. DBA DomainCostClub.com",11/12/2014 08:25,11/12/2026 08:25,10/10/2026 03:15
39ab3e21-8686-47a0-b54c-927d584366c0,loan.blog,premium,1662.5,6900,high,low,4,namesilo,,,25/09/2026 09:02
820cd550-e024-40da-9605-897d829fe43b,loan.desi,available,19.98,22.98,high,low,4,namecheap,,,25/09/2026 09:02
4409508b-9a27-4482-9844-b1f039c3724b,credit.toys,available,13.14,51.95,high,low,6,spaceship,,,29/09/2026 09:26
3145d777-c9ad-4b54-a0aa-69551f0e8341,loan.buzz,premium,512,116,high,low,4,namesilo,,,25/09/2026 09:02
cf6d0ed2-39a3-4f5e-b920-d9db525ad924,loan.surf,premium,96,29.5,high,low,4,namesilo,,,25/09/2026 09:02
39636b01-fa20-401f-a68a-ce5798265123,loan.gay,premium,2660,2660,high,low,4,namesilo,,,25/09/2026 09:02
d4d1e5c6-bea1-4623-82a2-3aee0e09150f,banking.mortgage,premium,520,520,high,low,7,namecheap,,,29/09/2026 01:02
546932a0-1f35-464e-81ee-814745ea36ba,loan.dev,premium,1344.67,1344.67,high,low,4,spaceship,,,08/10/2026 05:22
367ba9bf-6baa-461f-b302-2f4e544d86f2,credit.forsale,premium,118.8,118.8,high,low,6,namesilo,,,29/09/2026 09:26
7de63e6f-e157-430e-90c8-c1eccaa003ae,loan.reisen,available,21.98,28.98,high,low,4,namecheap,,,25/09/2026 09:02
7a6ee0a3-d96d-4c8e-8be5-9f2a6ad2ed53,finance.boston,premium,207.2,18.83,high,medium,7,spaceship,,,09/10/2026 18:59
387d6b16-e823-4d52-a4e3-7033090163b2,loan.cruises,available,56.99,56.99,high,low,4,namesilo,,,25/09/2026 09:02
980c9441-74a7-4123-9f0d-f3efc752a5b6,loan.discount,premium,854,854,high,low,4,namesilo,,,25/09/2026 09:02
02d00624-59e2-4ac0-8919-ff4195f624a3,credit.cricket,premium,448,53.92,high,low,6,namesilo,,,29/09/2026 09:26
5f65c067-113e-4e9a-9ad5-1d531edf1aeb,loan.navy,available,41.99,41.99,high,low,4,namesilo,,,25/09/2026 09:02
f6dbedca-c905-4ada-9674-a2d1dac7267d,loan.coffee,premium,512,512,high,low,4,namesilo,,,25/09/2026 09:02
bd7dc666-c80e-4a3f-890c-d221eb1ad0f1,credit.security,available,2070,2950,high,low,6,namecheap,,,29/09/2026 09:26
2607b2b5-bf18-49d8-bdd8-94cd042fbc0a,credit.ceo,available,9.19,103.7,high,low,6,spaceship,,,29/09/2026 09:26
ddce276d-39a1-48d0-9570-3be5c1017612,loan.ceo,premium,510.98,510.98,high,low,4,namesilo,,,25/09/2026 09:02
18984513-7527-4cf9-8fa1-cbcef4ec139b,credit.auction,premium,118.8,118.8,high,low,6,namesilo,,,29/09/2026 09:26
0e606e62-4456-46b9-a021-bdc44da2f66b,banking.construction,available,8.78,32.21,high,low,7,dynadot,,,29/09/2026 01:02
6e39d111-1d99-43ad-9732-8b3f6a06181f,credit.villas,premium,207.2,207.2,high,low,6,spaceship,,,29/09/2026 09:26
d82687ab-4b2f-411c-8d63-68b1b7dab13a,credit.casa,premium,88,10.92,high,low,6,dynadot,,,29/09/2026 09:26
2f4f4f08-2d20-4c52-b8b9-c4720c16f051,credit.hosting,premium,1430,1430,high,low,6,dynadot,,,29/09/2026 09:26
4bf8639d-7004-472f-b34c-1fa14332ee79,credit.coupons,premium,12420,12420,high,low,6,namesilo,,,29/09/2026 09:26
a9211f82-e0ed-4a1e-b603-bdc7951f5cd0,loan.contractors,premium,78.54,78.54,high,low,4,namesilo,,,25/09/2026 09:02
cf2fbf23-e984-4d40-8545-45167ccde2a8,account.accountant,available,,,high,low,7,,,,08/10/2026 09:08
d81bf953-411c-42bd-b22d-039c20d9d6f2,loan.singles,available,3.98,36.98,high,low,4,namecheap,,,25/09/2026 09:02
4b8a594c-0268-49a9-bd2d-96d997c66928,banking.guru,premium,109.53,218.86,high,low,7,porkbun,,,29/09/2026 01:02
8d48faec-37c8-472d-933d-9e0e6fa6c406,bank.theater,available,10.92,53.72,high,medium,4,dynadot,,,10/10/2026 03:15
cac3f8a3-c9f8-451e-8a53-c98744b27c6e,banking.ooo,premium,8280,119.99,high,low,7,namesilo,,,29/09/2026 01:02
26993bd6-944e-400f-99de-41440c9278e8,banking.clinic,available,10.55,51.95,high,low,7,spaceship,,,29/09/2026 01:02
034df1b3-7f1e-4033-92ac-8f3389b512fd,bank.florist,available,25.2,25.2,high,medium,4,cloudflare,,,10/10/2026 03:15
32a6ad76-1949-42c9-ba38-778dba5e6064,loan.reise,available,27.89,97.99,high,low,4,namesilo,,,25/09/2026 09:02
ef312d05-b3f3-4465-ab1d-ffc4d6cabfa4,loan.fishing,premium,96,29.5,high,low,4,namesilo,,,25/09/2026 09:02
553d7841-c733-4f99-8d00-c029e8369917,investment.cash,premium,828.2,828.2,high,low,10,spaceship,,,08/10/2026 16:18
e4cc8b7e-ead8-4042-938e-0f24c292255c,banking.navy,available,43.98,45.98,high,low,7,namecheap,,,29/09/2026 01:02
a33f4ae5-112f-4b0b-ad4c-92c1561a0d00,finance.shoes,available,31.25,51.95,high,medium,7,spaceship,,,09/10/2026 18:59
b0cf2bf5-a819-49ca-a568-eb3e46d70a7f,credit.website,premium,3125,,high,low,6,name.com,,,29/09/2026 09:26
7477a07c-57c9-4770-8483-59b06735ae32,loan.sarl,available,6.98,8.98,high,low,4,namecheap,,,25/09/2026 09:02
d7e27b69-3ff5-4f2f-8913-2d25f7dc5fa2,finance.singles,resell,,,high,medium,7,"Global Domains International, Inc. DBA DomainCostClub.com",24/05/2019 11:08,24/05/2027 11:08,09/10/2026 18:59
c685aee3-74bb-4189-988f-e1ef0602bc03,finance.baby,resell,,,high,medium,7,Dynadot Inc,18/08/2026 21:12,18/08/2027 23:59,09/10/2026 18:59
49480e22-ee56-4119-b056-96e550665a6a,bank.diy,premium,640,640,high,medium,4,namesilo,,,10/10/2026 03:15
d4ef9bfe-7b94-41fb-8380-4bb5fa0772b6,credit.academy,resell,,,high,low,6,"Spaceship, Inc.",02/06/2021 16:12,02/06/2027 16:12,29/09/2026 09:26
d8093b0e-682e-43db-a917-b6dfd5a0f54d,credit.catering,premium,108.9,108.9,high,low,6,dynadot,,,29/09/2026 09:26
bf818993-2374-48a3-b71d-88c30b2856ae,loan.tires,available,87.98,110.98,high,low,4,namecheap,,,25/09/2026 09:02
92344d1f-94dd-4aa9-8169-b2d94b98f971,loan.lease,premium,118.8,118.8,high,low,4,namesilo,,,25/09/2026 09:02
c51423c3-7e02-4229-aa59-ef1350725791,banking.voting,available,978.6,978.6,high,low,7,dynadot,,,29/09/2026 01:02
d24a4a1f-5556-4e9b-b344-63df98f50b88,loan.tax,premium,242,242,high,low,4,namesilo,,,25/09/2026 09:02
4a1aae38-df2f-4b9b-8ec7-2c348088fa09,loan.stream,premium,455,65,high,low,4,namecheap,,,25/09/2026 09:02
1f2b0844-23ad-4666-b269-b96715f7faa1,bank.berlin,resell,,,high,medium,4,,27/11/2015 16:02,27/11/2027 16:02,10/10/2026 03:15
e53b0920-f4af-4d2b-a2f0-af63e5054783,banking.living,premium,640,640,high,low,7,namesilo,,,29/09/2026 01:02
50d0b671-a317-49ff-a443-a62be1a07b7b,credit.group,resell,,,high,low,6,Alibaba Cloud Computing Ltd. d/b/a HiChina (www.net.cn),22/08/2019 10:08,22/08/2030 10:08,29/09/2026 09:26
0db8f3c2-187b-4b58-9ec9-bdbe7298a8bb,credit.computer,available,22.5,38.99,high,low,6,unstoppable,,,29/09/2026 09:26
3bbc06fd-a4f7-41cb-a8ee-8cc9f5282c1c,bank.schule,resell,,,high,medium,4,Porkbun LLC,25/11/2020 00:49,25/11/2026 00:49,10/10/2026 03:15
cf2c5da4-da38-496b-8c0b-1d0dd1165864,bank.hosting,available,279.65,341.75,high,medium,4,spaceship,,,10/10/2026 03:15
2ef3f077-63a6-4397-94a9-cf22441b3674,credit.gallery,premium,68.51,68.51,high,low,6,spaceship,,,29/09/2026 09:26
3f51797b-5ed7-4cec-8ae4-7ca1cff28d5e,finance.ltd,resell,,,high,medium,7,"Sav.com, LLC - 15",17/09/2026 15:15,17/09/2027 15:15,09/10/2026 18:59
c912fce2-e124-4106-9883-6f895b233364,finance.ing,premium,1345.7,1345.7,high,medium,7,spaceship,,,09/10/2026 18:59
dcf57dff-81ba-4850-b2b3-64e183bdf997,credit.soy,premium,373.75,,high,low,6,name.com,,,29/09/2026 09:26
dee6020c-0cf7-47b7-b71e-9d21683230fb,banking.holiday,available,51.95,51.95,high,low,7,spaceship,,,29/09/2026 01:02
4b66d6b1-c65c-434e-bbca-31459ed348f2,banking.tech,available,,,high,low,7,,,,09/10/2026 09:41
9fd936cd-ed90-49a1-a118-8d1cf58f9b50,banking.tours,available,5.38,49.88,high,low,7,spaceship,,,29/09/2026 01:02
f4fa3daa-81a9-43d1-81fc-2e205f080129,loan.audio,available,108.98,159.98,high,low,4,namecheap,,,25/09/2026 09:02
aaaf30c3-d57e-431b-82c8-22917b399a9a,account.mortgage,premium,207.2,207.2,high,low,7,spaceship,,,05/10/2026 00:37
a1bc7e9f-f9e5-43bd-bd2c-ea3afd028a9a,loan.garden,premium,104,32.5,high,low,4,namecheap,,,25/09/2026 09:02
8d081a24-d462-4508-9b61-e51a060a0229,banking.ngo,available,15.96,15.96,high,low,7,porkbun,,,29/09/2026 01:02
37676e20-f80b-4e08-b13a-63b49c2d6f62,bank.ink,resell,,,high,medium,4,"GoDaddy.com, LLC",15/05/2024 15:09,15/05/2027 15:09,10/10/2026 03:15
a69796da-f517-4c8d-ae7d-006e413c9627,banking.surgery,available,43.67,43.67,high,low,7,spaceship,,,29/09/2026 01:02
9ecdc89e-51e4-4af4-8be4-7691ed2340c3,loan.world,premium,520,520,high,low,4,namecheap,,,25/09/2026 09:02
6b290d25-c64f-489d-b693-dccb472b4931,banking.kitchen,available,,,high,low,7,,,,09/10/2026 09:41
8cbb9c69-e7a7-4265-9099-ba7d21a53fd5,credit.soccer,available,25.99,25.99,high,low,6,namesilo,,,29/09/2026 09:26
a5e245cd-5251-4545-bd73-1d63908ee514,loan.black,premium,78.54,78.54,high,low,4,namesilo,,,25/09/2026 09:02
a0d637a3-f0f0-4c15-a0f1-cd27bf4b6420,finance.vacations,premium,128.7,128.7,high,medium,7,namecheap,,,09/10/2026 18:59
59a1fa07-8356-4f99-a117-9631aa67e9cf,banking.memorial,available,54.98,64.98,high,low,7,namecheap,,,29/09/2026 01:02
9f6c007c-b3d8-4158-b89e-6417a589e00b,loan.lgbt,available,14.99,79.99,high,low,4,namesilo,,,25/09/2026 09:02
ebb79705-b468-4462-b979-b4d9cb980100,banking.maison,available,57.99,57.99,high,low,7,namesilo,,,29/09/2026 01:02
5035752f-2eb6-42ee-b162-d957ade426f8,banking.camera,available,58.99,58.99,high,low,7,namesilo,,,29/09/2026 01:02
149ce0ca-efb0-4693-9f50-973c6e6de204,bank.tours,available,5.38,49.88,high,medium,4,spaceship,,,10/10/2026 03:15
3e036992-0a9e-4d84-af96-8d860da261f9,credit.supplies,available,19.2,19.2,high,low,6,cloudflare,,,29/09/2026 09:26
4cbc4533-b1ee-4c5b-b70d-9722017c98de,loan.republican,available,7.49,28.99,high,low,4,namesilo,,,25/09/2026 09:02
75d1147a-6346-44bd-9241-9930bc44dbe0,finance.foo,premium,1034.17,1034.17,high,medium,7,spaceship,,,09/10/2026 18:59
fa8f9ecc-dd65-49ed-b69b-589b7225d715,bank.sexy,premium,13800,13800,high,medium,4,namesilo,,,10/10/2026 03:15
6aeb759c-46ed-4108-bb2a-f7997dc8570a,credit.yoga,available,25.2,25.2,high,low,6,cloudflare,,,29/09/2026 09:26
b0a90b2f-dd4e-434c-a85c-edc14a7dd4ed,loan.rodeo,resell,,,high,low,4,"Global Domains International, Inc. DBA DomainCostClub.com",23/04/2024 16:22,23/04/2027 16:22,26/09/2026 07:17
77bde7d3-3173-403c-9ec5-f72d03fb311a,loan.auction,premium,512,512,high,low,4,namesilo,,,25/09/2026 09:02
4919fdc9-056f-4235-ae45-12e6ea19d4c3,banking.rich,available,94.99,1999,high,low,7,namesilo,,,29/09/2026 01:02
b012fd3e-596e-48c6-a211-11302f86c86d,finance.gold,resell,,,high,medium,7,"DNSPod, Inc.",04/04/2018 23:18,04/04/2036 23:18,09/10/2026 18:59
adaed4f8-4161-4fbf-8141-887b489e8322,loan.moda,available,41.99,41.99,high,low,4,namesilo,,,25/09/2026 09:02
a6906fe9-48bb-4996-aa26-438361162326,credit.pw,premium,3450,3450,high,low,6,namesilo,,,29/09/2026 09:26
5000ff6c-acba-4ba4-b448-f44c46330b8e,loan.link,premium,1995,1995,high,low,4,namesilo,,,25/09/2026 09:02
c7c05381-1568-42d3-bc38-d5236b44e76f,banking.house,resell,,,high,low,7,Dynadot Inc,13/07/2021 14:26,13/07/2028 14:26,29/09/2026 01:02
077ec9bd-170c-4c93-b68b-118d4ba36763,investment.sarl,premium,34.36,34.36,high,low,10,spaceship,,,08/10/2026 16:18
3822ccb8-73d2-40ac-9303-838c12a008cc,loan.tv,resell,,,high,low,4,Dynadot Inc,10/07/2015 20:58,10/07/2027 20:58,26/09/2026 07:17
2e08663a-6f98-4905-9658-2023923f7e1f,finance.vodka,available,32.49,32.49,high,medium,7,namesilo,,,09/10/2026 18:59
4004e41f-6578-4afa-a73e-d4bd17152987,bank.reise,available,27.89,97.99,high,medium,4,namesilo,,,10/10/2026 03:15
e5e3adc9-d390-45a1-85ed-05b76e306a59,loan.mobi,resell,,,high,low,4,"Blue Razor Domains, LLC",26/09/2006 14:01,26/09/2027 14:01,26/09/2026 07:17
efec0d96-88c9-432e-9df8-7429ef2d6b66,credit.holiday,available,50.2,50.2,high,low,6,cloudflare,,,29/09/2026 09:26
e81b4f5b-af0e-457d-af92-97225f73c95e,bank.attorney,premium,1107,1107,high,medium,4,namesilo,,,10/10/2026 03:15
1f2968dc-7f0a-4982-b973-e6896700b56e,finance.living,premium,1449.2,2070.2,high,medium,7,spaceship,,,09/10/2026 18:59
38dda692-fcdb-4a08-98f2-c62babfe9ac9,credit.country,available,2060.25,2060.25,high,low,6,porkbun,,,29/09/2026 09:26
38ca2de0-2c16-4cc8-8307-bc066c25f783,bank.stream,premium,3250,130,high,medium,4,namecheap,,,10/10/2026 03:15
08e20e93-80cf-446d-9c3f-a5f0ec244185,loan.bid,resell,,,high,low,4,Dynadot Inc,26/07/2019 14:37,26/07/2027 14:37,26/09/2026 07:17
8202f31c-43f7-4455-89a8-0643a9af561d,banking.photos,available,15.99,29.99,high,low,7,namesilo,,,29/09/2026 01:02
8c8a29e1-ab67-4bdc-a6dd-c4ae9f3862e9,credit.salon,available,45.74,45.74,high,low,6,spaceship,,,29/09/2026 09:26
decc12c0-5d74-4915-98db-ec25ec2ef010,credit.engineering,premium,118.8,118.8,high,low,6,namesilo,,,29/09/2026 09:26
e68ecdd3-e672-4728-bb74-edb7ff32a366,banking.lol,premium,672.95,672.95,high,low,7,spaceship,,,29/09/2026 01:02
188ab4ac-c7bd-458e-8622-f31440643de0,bank.airforce,available,83,83,high,medium,4,spaceship,,,10/10/2026 03:15
f2135c73-a5b1-4b21-bd07-30a00bc347b0,credit.shoes,available,31.25,51.95,high,low,6,spaceship,,,29/09/2026 09:26
8858084a-bdb6-4161-bfa1-edddb124c3cb,bank.diet,available,104.99,114.99,high,medium,4,namesilo,,,10/10/2026 03:15
e713a831-c1e2-42b3-8b74-0fd83d7f0ac2,loan.trading,premium,520,520,high,low,4,namecheap,,,25/09/2026 09:02
719c2b17-ddf9-4ed3-b8f7-fad635f9dd57,credit.bond,resell,,,high,low,6,Dynadot Inc,15/11/2020 16:20,15/11/2033 23:59,29/09/2026 09:26
6de4ee24-acfe-45ac-ad3c-c51fe7c86f43,transaction.loans,available,10.81,93.2,high,low,11,porkbun,,,08/10/2026 02:59
92977898-b7ae-4438-820f-d905b4121490,bank.page,premium,1278.72,1278.72,high,medium,4,namesilo,,,10/10/2026 03:15
cb59479c-117d-4722-9658-c379d8826b04,loan.voyage,available,58.99,58.99,high,low,4,namesilo,,,25/09/2026 09:02
0d2977e0-90aa-420f-881c-ddb190f4f63e,credit.vodka,premium,96,29.5,high,low,6,namesilo,,,29/09/2026 09:26
abdbeccf-6882-4817-9e33-fec7faa89b53,bank.degree,available,41.6,41.6,high,medium,4,spaceship,,,10/10/2026 03:15
bb9b6057-6d8b-4bb2-a107-144960de0ad8,loan.voto,available,11.98,86.98,high,low,4,namecheap,,,25/09/2026 09:02
e266b8da-1ba1-4c8e-8ffc-288db7b2f8cf,banking.auction,available,3.09,29.35,high,low,7,porkbun,,,29/09/2026 01:02
bb8096d3-8d4d-4868-bec0-97efc9e245ad,loan.condos,premium,118.8,118.8,high,low,4,namesilo,,,25/09/2026 09:02
f3f97984-9577-43d1-8148-c5bc3db32b4a,banking.gripe,available,6.99,6.99,high,low,7,namesilo,,,29/09/2026 01:02
fa4897be-4da3-4522-94d3-c82152ca7c01,finance.airforce,available,122.48,149.98,high,medium,7,namecheap,,,09/10/2026 18:59
79342cad-08f4-418a-b9d5-db2a705e624a,loan.dental,premium,118.8,118.8,high,low,4,namesilo,,,25/09/2026 09:02
e558c354-ec0e-441e-a7bc-e1f5e4d0384b,banking.accountant,premium,11000,660,high,low,7,dynadot,,,29/09/2026 01:02
82ad1e77-5803-4f08-b407-015bad5999c2,credit.clinic,resell,,,high,low,6,Porkbun LLC,27/09/2024 09:40,27/09/2027 09:40,29/09/2026 09:26
c62252d0-f669-43f1-a1bd-418a869de8b1,banking.estate,available,6.41,31.25,high,low,7,spaceship,,,29/09/2026 01:02
77163efa-be3e-42cb-802b-cc0bf789697a,loan.shopping,premium,512,512,high,low,4,namesilo,,,25/09/2026 09:02
6edce1d9-fb0a-4c92-ac0c-0de8d8a8aa25,banking.audio,available,93.35,103.4,high,low,7,spaceship,,,29/09/2026 01:02
a9bd9d14-af0c-439e-b88e-fab90f0a3850,credit.auto,available,1999.99,2199,high,low,6,namesilo,,,29/09/2026 09:26
fef32bab-1f9f-44ea-a772-4f9895ef80a3,bank.observer,premium,854,854,high,medium,4,namesilo,,,10/10/2026 03:15
6c808ec8-a6a4-4a58-8cc1-328a1f769676,banking.cv,premium,525.26,69.86,high,low,7,spaceship,,,29/09/2026 01:02
977e89ba-6934-4af9-b71b-a10c7185f1f5,banking.vet,premium,118.8,118.8,high,low,7,namesilo,,,29/09/2026 01:02
49ef1705-7b35-4b53-bb4c-d47ed4583698,credit.sale,premium,1107,1107,high,low,6,namesilo,,,29/09/2026 09:26
d94a980d-b265-4f26-8293-b5255f1eb964,credit.tv,resell,,,high,low,6,Dynadot Inc,02/09/2020 08:01,02/09/2027 08:01,29/09/2026 09:26
1e626bc4-18a5-425a-b8f3-fbcd9a45807a,finance.porn,available,69.98,154.98,high,medium,7,namecheap,,,09/10/2026 18:59
49b73fc6-7465-4576-9e3a-c59583486fd0,financial.co,resell,,,high,low,9,Hello Internet Corp.,25/02/2010 00:44,24/02/2027 23:59,09/10/2026 21:39
b478d709-8594-4b0d-bd03-db3166dcf700,banking.menu,available,27.99,27.99,high,low,7,namesilo,,,29/09/2026 01:02
ce06c862-0af0-4813-b015-11ba1a85e123,credit.careers,premium,512,512,high,low,6,namesilo,,,29/09/2026 09:26
df828d63-d4ad-4fc1-96f1-0604921156d1,credit.wine,available,9.99,59.99,high,low,6,namesilo,,,29/09/2026 09:26
e1d245f3-018b-40c1-8d30-6d2dc8f4cca3,banking.dad,available,,,high,low,7,,,,09/10/2026 09:41
a0d9616f-3318-438d-a120-ce9b7a9e1e20,bank.camp,available,48.2,48.2,high,medium,4,cloudflare,,,10/10/2026 03:15
16d2bedb-7b56-4527-a628-ef68d44a3d70,loan.sale,premium,128.7,128.7,high,low,4,namecheap,,,25/09/2026 09:02
5e0b9095-06ef-4430-9380-0757cbd72278,credit.recipes,available,4.86,62.3,high,low,6,spaceship,,,29/09/2026 09:26
aef5779f-54a3-4133-b740-97e1ad78b6c8,loan.ca,resell,,,high,low,4,Grape Inc.,31/10/2000 16:48,12/04/2027 04:00,26/09/2026 07:17
efab3e4c-b469-4704-9c34-94b7e0523dbc,loan.organic,available,17.99,85.99,high,low,4,namesilo,,,25/09/2026 09:02
e5c53b0d-de0e-431a-b62a-dbae7d70b238,loan.partners,premium,78.54,78.54,high,low,4,namesilo,,,25/09/2026 09:02
d69f5981-61c9-42c0-9503-7969da8f6007,credit.contractors,available,35.49,35.49,high,low,6,namesilo,,,29/09/2026 09:26
6aaf1df5-9534-49d4-b69e-677f26006c27,banking.guide,resell,,,high,low,7,"NameSilo, LLC",25/05/2024 17:57,25/05/2027 17:57,29/09/2026 01:02
fb64b8b6-8a7c-4294-b6a8-783e00eb4e56,credit.sucks,premium,2658.67,2658.67,high,low,6,namesilo,,,29/09/2026 09:26
275a1cbe-cf21-4feb-94f3-4b54bf6f0cb9,bank.technology,resell,,,high,medium,4,"GoDaddy.com, LLC",03/07/2024 14:04,03/07/2028 14:04,10/10/2026 03:15
d3278c5a-b18d-4eaa-be72-d8a350f66464,credit.cafe,resell,,,high,low,6,"Chengdu West Dimension Digital Technology Co., Ltd.",01/01/2020 08:32,01/01/2027 08:32,29/09/2026 09:26
2d755ff6-8fdd-4f10-a367-d90aa8517999,credit.glass,premium,520,520,high,low,6,namecheap,,,29/09/2026 09:26
067993d4-9090-4848-8c5e-de7454134d16,finance.pub,resell,,,high,medium,7,"Xiamen ChinaSource Internet Service Co., Ltd",10/03/2025 15:15,10/03/2027 15:15,09/10/2026 18:59
d75e70ae-e7ac-4553-bb89-ba867176008d,bank.news,premium,517.7,1035.2,high,medium,4,spaceship,,,10/10/2026 03:15
a87377e7-3ee2-413c-b454-5c40eefe49e8,banking.legal,resell,,,high,low,7,Porkbun LLC,08/10/2025 23:38,08/10/2027 23:38,09/10/2026 05:16
932a3b3f-fab4-475c-9994-f28edb507cf8,loan.cv,premium,1309.75,87.75,high,low,4,namecheap,,,25/09/2026 09:02
2e8e2489-fdc8-48fd-898b-c629d33ba688,bank.ski,premium,118.8,118.8,high,medium,4,namesilo,,,10/10/2026 03:15
21eb49f3-455f-4762-825f-09018dddda68,credit.study,premium,1107,1107,high,low,6,namesilo,,,29/09/2026 09:26
15d1d1bf-aa88-448a-8747-1f9f9dde9752,banking.gallery,available,28.99,28.99,high,low,7,namesilo,,,29/09/2026 01:02
19601869-0944-499a-92c3-dadc9231a332,banking.security,available,2000.2,2000.2,high,low,7,cloudflare,,,29/09/2026 01:02
122d3af2-1199-410d-9681-d33d2c9bc342,loan.fast,resell,,,high,low,4,"Spaceship, Inc.",06/10/2025 20:39,06/10/2027 20:39,07/10/2026 05:15
80ff9826-fce2-4627-8519-4b7cfe938a85,finance.bar,premium,3105,3105,high,medium,7,namesilo,,,09/10/2026 18:59
bc5642d2-7542-4776-885d-3cb7f0a47662,credit.racing,premium,116,116,high,low,6,namesilo,,,29/09/2026 09:26
02c26b81-02ef-4823-9ca4-e3aebe1e139e,banking.tienda,available,59.99,59.99,high,low,7,namesilo,,,29/09/2026 01:02
e966fd49-99ba-4b26-a71f-cdff6bf1f73d,credit.living,premium,1107,1107,high,low,6,namesilo,,,29/09/2026 09:26
fb73208c-181b-4d19-b0ac-4cd26bff3733,investment.dealer,premium,4278,2660,high,low,10,namesilo,,,08/10/2026 16:18
f08b52f2-a9f2-4d0b-be7a-a09b069db3d2,finance.rest,premium,130.61,186.5,high,medium,7,spaceship,,,09/10/2026 18:59
d564abe1-d6b0-4498-bad8-ea9164a7afa5,banking.host,premium,325,650,high,low,7,namecheap,,,29/09/2026 01:02
fba61a1b-81a8-4cde-aa13-db4775fe7193,banking.sydney,available,,,high,low,7,,,,09/10/2026 09:41
2a23d5fd-2b16-444e-80a7-de9926987ac4,banking.shoes,available,50.2,50.2,high,low,7,cloudflare,,,29/09/2026 01:02
1c65ae29-8279-402a-816c-d9e230e02ce1,finance.protection,available,1999.99,2049.99,high,medium,7,namesilo,,,09/10/2026 18:59
51633c49-79df-45f9-988c-1a2af2a080ad,credit.car,available,1863.2,2064.2,high,low,6,spaceship,,,29/09/2026 09:26
66401051-750d-4e05-b060-6db8ce8cc911,credit.buzz,premium,440,110,high,low,6,dynadot,,,29/09/2026 09:26
95c92647-a220-4624-a876-b6f82ee58aed,finance.build,premium,517.7,517.7,high,medium,7,spaceship,,,09/10/2026 18:59
05ec0501-435d-4614-b76d-399e86d0cc4e,credit.support,premium,414.2,414.2,high,low,6,spaceship,,,29/09/2026 09:26
d1c1b08e-09ff-4fbc-946a-e356a5400a39,loan.security,available,1999.99,2049.99,high,low,4,namesilo,,,25/09/2026 09:02
e05e0857-a9bc-4a9c-a01d-2e24fbef5dea,credit.ltd,resell,,,high,low,6,Alibaba Cloud Computing Ltd. d/b/a HiChina (www.net.cn),21/06/2016 11:07,21/06/2027 11:07,29/09/2026 09:26
e492d961-d2ca-45cf-a2c8-45f204a81bc8,credit.food,premium,724.7,1035.2,high,low,6,spaceship,,,29/09/2026 09:26
94587599-a614-415a-8b65-7e90e99fb50e,banking.lawyer,premium,1035.2,1035.2,high,low,7,spaceship,,,29/09/2026 01:02
ca249474-6fcf-4e7b-b2eb-5dad1027dcfb,loan.beer,resell,,,high,low,4,"GoDaddy.com, LLC",27/07/2026 21:30,27/07/2027 21:30,26/09/2026 07:17
ba1b48c3-386d-44b0-9b1c-34f7942718ea,credit.systems,resell,,,high,low,6,,,,29/09/2026 09:26
768445c3-c857-41c1-bce1-72bd27cd42cd,finance.trading,premium,1035.2,1035.2,high,medium,7,spaceship,,,09/10/2026 18:59
6db6e22f-424b-4c1b-a356-396b6d0ece94,investment.rent,resell,,,high,low,10,"GoDaddy.com, LLC",11/12/2025 16:30,11/12/2026 23:59,08/10/2026 16:18
443a3a3f-a775-4640-8e1f-68b47d47aa76,finance.melbourne,premium,7652.7,7652.7,high,medium,7,dynadot,,,09/10/2026 18:59
b2345079-1e99-4dfa-9d16-bdf9ef1a14fc,loan.accountant,premium,640,77.35,high,low,4,namesilo,,,25/09/2026 09:02
e3a0735f-3091-4dd8-b8be-2001a8dc3c27,banking.cab,available,12.87,26.26,high,low,7,porkbun,,,29/09/2026 01:02
6f7476e2-6e48-42c9-8dfb-fc18a80efa86,finance.haus,premium,242,242,high,medium,7,namesilo,,,09/10/2026 18:59
0d30374c-57e4-47b1-9ee7-c4315dc50ba0,credit.tech,premium,2587.7,10350.2,high,low,6,spaceship,,,29/09/2026 09:26
ffd9104d-0d41-491a-8cf5-5a79c85216d7,credit.build,premium,625,,high,low,6,name.com,,,29/09/2026 09:26
84bd0e1e-d163-44c3-91c4-bb06cc1e66c7,credit.cyou,premium,310.7,621.2,high,low,6,spaceship,,,29/09/2026 09:26
e7e63596-5df7-4c4a-8744-99d48e91d61a,banking.capital,premium,102.67,102.67,high,low,7,spaceship,,,29/09/2026 01:02
a48d65b3-169f-4dab-90df-0a3e45d70d0e,finance.voting,available,1398,1448,high,medium,7,namecheap,,,09/10/2026 18:59
f092fd54-3ebb-4af1-99f2-1f7c6e0d0aff,loan.hiphop,available,23.99,23.99,high,low,4,namesilo,,,25/09/2026 09:02
d5209489-bedc-4c44-a6ad-4b976fbdc015,finance.rsvp,premium,999.2,1298.7,high,medium,7,unstoppable,,,09/10/2026 18:59
c1fe2932-9188-4a85-8bfa-8b3a7e243d3d,banking.graphics,available,19.05,19.05,high,low,7,porkbun,,,29/09/2026 01:02
18b3a433-6a1c-424c-a91d-d50712827bbf,banking.me,resell,7015,26.99,high,low,7,"Spaceship, Inc.",29/04/2008 17:59,29/04/2027 17:59,29/09/2026 01:02
5a6b1e94-f3d1-47db-b58e-a340f38caffe,banking.republican,available,25.2,25.2,high,low,7,cloudflare,,,29/09/2026 01:02
55d698c5-af31-40d0-a8ad-d1357d4a6e57,banking.jewelry,available,50.2,50.2,high,low,7,cloudflare,,,29/09/2026 01:02
376e3ba4-73b5-447c-b95b-ec134df443f4,banking.poker,premium,78.54,78.54,high,low,7,namesilo,,,29/09/2026 01:02
ae51a1c4-4564-4aee-8c97-0dc945e2c80a,loan.rsvp,premium,1298.7,1298.7,high,low,4,namecheap,,,25/09/2026 09:02
8a237ff0-21e0-48a4-b829-67d858bc4c85,banking.link,premium,960,960,high,low,7,namesilo,,,29/09/2026 01:02
99fdc0e5-bf17-44de-8dfb-80214c714ec0,banking.digital,resell,,,high,low,7,,,,29/09/2026 01:02
2d0335c0-049a-4785-aaad-ada66d1aafdb,loan.uno,premium,6900,6900,high,low,4,namesilo,,,25/09/2026 09:02
4eb02592-7e72-4f18-a468-d6d0718f3b0a,credit.diet,premium,2070.2,2070.2,high,low,6,spaceship,,,29/09/2026 09:26
0d64f9cd-56f5-4b67-8573-bc2fee9b4fa3,credit.bike,available,12,48.98,high,low,6,unstoppable,,,29/09/2026 09:26
66112296-6739-4c8d-8147-6bc50e1aba7e,finance.community,resell,,,high,medium,7,"Sav.com, LLC - 15",31/01/2026 15:15,31/01/2027 15:15,09/10/2026 18:59
72466bdd-2bdd-4649-bd90-b7891b0d7fc9,banking.forsale,premium,118.8,118.8,high,low,7,namesilo,,,29/09/2026 01:02
a3de927b-b54d-4a6a-a035-2efc75ab232d,finance.maison,available,44.2,44.2,high,medium,7,cloudflare,,,09/10/2026 18:59
7f20e6e4-a02e-4bc2-b482-2268105a9456,credit.sexy,available,2675.22,2675.22,high,low,6,dynadot,,,29/09/2026 09:26
ab477b89-157c-44f7-adc8-5af080133595,credit.vote,available,34.99,90.99,high,low,6,namesilo,,,29/09/2026 09:26
e2b4b270-7785-4a45-a511-531f9d2edba2,investment.forsale,premium,118.8,118.8,high,low,10,namesilo,,,08/10/2026 16:18
8a34004e-5d64-425c-9fb1-74e1a1ee49f5,banking.rsvp,premium,545.26,545.26,high,low,7,porkbun,,,29/09/2026 01:02
0baf8764-13d3-44a7-af8e-a4e254962731,credit.bar,premium,6210,6210,high,low,6,namesilo,,,29/09/2026 09:26
78d1fd33-35ca-4117-8ed3-af24317f1f1a,investment.financial,premium,414.2,414.2,high,low,10,spaceship,,,08/10/2026 16:18
b854ed9c-b1d1-4054-98af-0fd3d50f9686,finance.apartments,available,57.99,57.99,high,medium,7,namesilo,,,09/10/2026 18:59
b1d2bed8-a67c-48f8-85d8-9ad9913b7ba2,credit.bet,premium,1000.5,,high,low,6,unstoppable,,,29/09/2026 09:26
07549362-7352-4cbd-9009-6a00aacb2ce9,finance.online,premium,34500,34500,high,medium,7,namesilo,,,09/10/2026 18:59
9293eb6e-71ab-4639-b73d-7235e9867e57,loan.fitness,premium,118.8,118.8,high,low,4,namesilo,,,25/09/2026 09:02
c0f3e499-4985-49a9-8bf4-f1aae27574bf,account.press,premium,517.7,1035.2,high,low,7,spaceship,,,05/10/2026 00:37
0c43191f-cf03-49fb-8f86-51392aad9611,investment.viajes,available,99.99,99.99,high,low,10,namesilo,,,08/10/2026 16:18
ce9c3552-ace4-436f-b43a-a1e8306da223,credit.deals,premium,854,854,high,low,6,namesilo,,,29/09/2026 09:26
6993e263-28d6-4743-b0e5-eea6cfa728a1,finance.cfd,premium,310.7,621.2,high,medium,7,spaceship,,,09/10/2026 18:59
def4f39c-d99c-4a71-b02f-d54004da2f15,credit.ski,available,27.99,64.99,high,low,6,namesilo,,,29/09/2026 09:26
5899e588-7345-48ac-84d0-3ecc04143987,credit.cleaning,premium,78.54,78.54,high,low,6,namesilo,,,29/09/2026 09:26
62cbaf04-9cc3-456a-bd28-eff5cfb06021,finance.adult,available,51.95,98.53,high,medium,7,spaceship,,,09/10/2026 18:59
411b0667-58e5-4ec0-96a8-f041360c4d40,banking.download,resell,,,high,low,7,Key-Systems LLC,23/01/2018 05:01,23/01/2027 05:01,29/09/2026 01:02
d0d37ecc-10fb-48b3-b426-8a38aa2b368e,finance.gratis,available,23.99,23.99,high,medium,7,namesilo,,,09/10/2026 18:59
24cd9142-5ba8-41ea-8301-e3c0844c34ac,finance.clinic,resell,,,high,medium,7,Porkbun LLC,13/09/2024 06:55,13/09/2027 06:55,09/10/2026 18:59
320e2f12-f28f-4bc7-bdcd-ba7bc8fb6d87,banking.club,premium,1035.2,15.73,high,low,7,spaceship,,,29/09/2026 01:02
00c998a0-94ea-4922-93cd-51f8ffdb0423,credit.love,premium,8280,8280,high,low,6,namesilo,,,29/09/2026 09:26
5251664b-7910-4106-a1ab-88e31aea633d,finance.video,premium,207.2,414.2,high,medium,7,spaceship,,,09/10/2026 18:59
f16589dd-d394-4630-b5e1-153e9627fa01,finance.game,premium,1729,1729,high,medium,7,namesilo,,,09/10/2026 18:59
ba4f3721-36a2-4a70-95e7-a8e9bd40bcb5,investment.reise,available,27.89,97.99,high,low,10,namesilo,,,08/10/2026 16:18
361a7268-aee7-4ed5-b2a9-69a32c85f882,banking.bio,resell,9.99,,high,low,7,name.com,,,29/09/2026 01:02
9f302fdd-b9f6-46ea-af03-7c6e202ca867,banking.coffee,available,16.99,42.99,high,low,7,namesilo,,,29/09/2026 01:02
08ccfa86-14da-40ef-8ffc-8c446e02b77e,savings.investments,premium,242,242,high,low,7,namesilo,,,09/10/2026 04:45
c5fdb10b-eb32-499f-a93e-d2adca616b60,loan.kiwi,premium,202.8,202.8,high,low,4,namecheap,,,25/09/2026 09:02
3ac99cde-b41e-41b9-bb65-7c03d7358783,loan.fish,premium,118.8,118.8,high,low,4,namesilo,,,25/09/2026 09:02
82805fe7-632e-4ab5-899a-e71c5476651e,banking.fun,premium,3450,3450,high,low,7,namesilo,,,29/09/2026 01:02
4004763a-1a8c-4699-bcf7-7336de8f239a,loan.hosting,available,310.98,437.98,high,low,4,namecheap,,,25/09/2026 09:02
7e554ca4-416d-4010-9d45-266e938fc517,finance.juegos,available,309.47,309.47,high,medium,7,porkbun,,,09/10/2026 18:59
ec2e656e-ff10-4ef4-bf29-4acb8edf02e9,credit.press,premium,5458.82,5458.82,high,low,6,porkbun,,,29/09/2026 09:26
e933f997-2e7b-433c-b93d-84a992ff4e7a,finance.immo,premium,102.67,102.67,high,medium,7,spaceship,,,09/10/2026 18:59
9cdb2c20-b59f-46c4-b8a5-0742cc76b655,investment.motorcycles,available,1.24,13.97,high,low,10,spaceship,,,08/10/2026 16:18
5c7d7d2c-4705-4cea-a5e5-b1cbd51322a2,finance.social,resell,,,high,medium,7,"Spaceship, Inc.",06/01/2025 15:15,06/01/2027 15:15,09/10/2026 18:59
800f2ef4-ff7e-423c-bfaf-99063db7b635,finance.plumbing,available,58.16,58.16,high,medium,7,spaceship,,,09/10/2026 18:59
729b72e8-7015-4d06-86ca-0e109b3a663c,investment.photos,available,7.96,24.01,high,low,10,spaceship,,,08/10/2026 16:18
27aa0461-d686-4660-8fd7-91816a86edf5,loan.website,premium,6500,13000,high,low,4,namecheap,,,25/09/2026 09:02
cc0c30bc-389e-4fd4-a325-bf9dec538567,loan.ing,premium,3900,3900,high,low,4,namecheap,,,25/09/2026 09:02
42801291-f5a5-45f6-983a-cb5c4e3e3620,account.markets,premium,260,260,high,low,7,namecheap,,,05/10/2026 00:37
31c0e0e0-535c-4ccf-85ef-4956973a2cce,investment.ooo,premium,496800,318.72,high,low,10,namesilo,,,08/10/2026 16:18
fbd728a6-9f98-47ef-a667-564c9007b6ad,investment.maison,available,45.74,45.74,high,low,10,spaceship,,,08/10/2026 16:18
cc4bbc4a-6d7c-4ce5-b08a-b16b424fc1d2,loan.store,premium,13800,13800,high,low,4,namesilo,,,25/09/2026 09:02
49392343-7514-412d-b2c6-e37bdc896a7a,account.cars,available,2070,2950,high,low,7,namecheap,,,05/10/2026 00:37
01413260-c0ef-4ac8-9aa0-c2cc5a288ee4,finance.tours,resell,,,high,medium,7,"Global Domains International, Inc. DBA DomainCostClub.com",09/06/2026 15:15,09/06/2027 15:15,09/10/2026 18:59
a64a3313-b97d-4de7-834a-8d1ba21b4ffc,investment.broker,premium,5175.2,5175.2,high,low,10,spaceship,,,08/10/2026 16:18
02f4006c-75e0-4784-aae2-f79a59d0da7e,loan.berlin,available,79.98,89.98,high,low,4,namecheap,,,25/09/2026 09:02
3ade6603-b2b2-4cc1-abdf-4fe75828b4cf,banking.cleaning,available,75.49,75.49,high,low,7,namesilo,,,29/09/2026 01:02
e1c92d90-dd60-4ddd-8f12-6d976c7b38c7,credit.protection,available,1999.99,2049.99,high,low,6,namesilo,,,29/09/2026 09:26
b030ccc2-648f-41aa-83e1-af73b6afc826,loan.pink,available,14.49,25.99,high,low,4,namesilo,,,25/09/2026 09:02
bdf09731-ab03-4854-a8e9-8f6001eaf136,credit.dev,premium,671.92,671.92,high,low,6,spaceship,,,29/09/2026 09:26
64fd9dda-f968-41de-b234-01424fcd3af0,loan.blackfriday,available,114.99,114.99,high,low,4,namesilo,,,25/09/2026 09:02
773012e9-508c-442c-b105-958fa25eba1e,credit.bargains,premium,207.2,207.2,high,low,6,spaceship,,,29/09/2026 09:26
dec11483-5454-4a7d-902e-e37ae4947cb1,account.estate,available,30.2,30.2,high,low,7,cloudflare,,,05/10/2026 00:37
a82bb2e7-2afe-4c34-96ce-fc73ccd6feb7,investment.sh,resell,,,high,low,10,"Sav.com, LLC",16/04/2025 10:27,16/04/2027 10:27,08/10/2026 16:18
121d0145-a3be-4113-b7e7-3506f7f5c570,investment.cab,available,26.08,26.08,high,low,10,spaceship,,,08/10/2026 16:18
ff6fd8a9-9f5c-47e6-89ee-eafc5a134965,banking.pw,premium,1035,1035,high,low,7,spaceship,,,29/09/2026 01:02
bd7a787a-a906-4c1c-b6b3-27bd2a529256,account.sarl,available,6.99,6.99,high,low,7,namesilo,,,05/10/2026 00:37
6bd7438d-3e61-4ba4-bb6f-8e6279b9b075,banking.pink,available,14.49,25.99,high,low,7,namesilo,,,29/09/2026 01:02
5462f306-60b5-4dc7-9b52-2184a8229b80,banking.shop,premium,5175.2,5175.2,high,low,7,spaceship,,,29/09/2026 01:02
aae7911e-be33-4882-899c-29d01d0aa4ee,account.cyou,premium,384,768,high,low,7,namesilo,,,05/10/2026 00:37
8a178043-fdb2-4584-b35a-7f789332ff7f,banking.shopping,available,23.18,23.18,high,low,7,spaceship,,,29/09/2026 01:02
941f7e31-3285-4cfc-aa0e-ba5a7584c2d3,account.cam,resell,,,high,low,7,Realtime Register B.V.,22/03/2020 17:23,22/03/2029 23:59,05/10/2026 00:37
b7dec3de-d733-4ac1-b519-4fe253f9d212,finance.lifestyle,premium,2660,2660,high,medium,7,namesilo,,,09/10/2026 18:59
e667e738-3d6f-4889-83e4-238e1af1239a,banking.degree,available,40.2,40.2,high,low,7,cloudflare,,,29/09/2026 01:02
689b9d0c-257f-4c84-9b87-320b5758b125,credit.marketing,premium,118.8,118.8,high,low,6,namesilo,,,29/09/2026 09:26
99acef98-e3a6-49fa-a608-4bad88f6d1c5,investment.gay,premium,302.5,302.5,high,low,10,namesilo,,,08/10/2026 16:18
c7fe5810-1489-4638-a82f-df3f84d58b87,finance.forex,premium,1000.5,1300,high,medium,7,unstoppable,,,09/10/2026 18:59
c2955c06-2047-4120-a566-08342382e607,banking.company,available,15.34,15.34,high,low,7,namesilo,,,29/09/2026 01:02
d3950476-6660-4bbf-811d-6f21d9fc33b8,account.security,available,2070,2950,high,low,7,namecheap,,,05/10/2026 00:37
198cc749-761f-49ed-a4aa-6bf26bbc8444,finance.eco,premium,7762.7,59.71,high,medium,7,spaceship,,,09/10/2026 18:59
afbf2e50-e3ee-4151-945e-4b5783a7a02b,credit.singles,resell,,,high,low,6,,,,29/09/2026 09:26
b79f0534-8265-4fbe-904d-6e9cb63828b7,investment.associates,resell,,,high,low,10,"Blue Razor Domains, LLC",23/07/2014 16:00,23/07/2027 16:00,08/10/2026 16:18
4b07d449-8708-42f1-8cc7-b7eb405dcb54,loan.soccer,available,27.48,29.48,high,low,4,namecheap,,,25/09/2026 09:02
715acaa3-5db2-484f-b1ea-260afe063d8e,banking.dog,available,3.5,53.72,high,low,7,dynadot,,,29/09/2026 01:02
f7135e89-d8b2-42d4-9497-c4bcfb458e73,credit.futbol,available,5.38,13.66,high,low,6,spaceship,,,29/09/2026 09:26
9d802bfa-dd2f-4945-9016-7c1fe60143b1,banking.vodka,available,26.26,26.26,high,low,7,porkbun,,,29/09/2026 01:02
148cb67e-78e6-4ac8-9300-42b1770f46c0,banks.investments,premium,242,242,high,low,5,namesilo,,,22/09/2026 02:52
000eb8c5-473a-404b-a555-93d8a66c0c05,credit.archi,available,14.98,132.98,high,low,6,namecheap,,,29/09/2026 09:26
bdb39a95-7afb-4e9d-9e23-c3c8957573fe,loan.giving,premium,85.8,85.8,high,low,4,namecheap,,,25/09/2026 09:02
3a0fca9b-34cf-4020-b345-058c8d21fde6,credit.rest,premium,3105,3105,high,low,6,namesilo,,,29/09/2026 09:26
ef65b1e2-709b-4cf5-86f3-b973310f013c,account.properties,premium,260,260,high,low,7,namecheap,,,05/10/2026 00:37
ebb8a5ce-b2a9-4493-9a53-41d56f9d17c7,finance.schule,available,22.2,22.2,high,medium,7,cloudflare,,,09/10/2026 18:59
247a19a2-69f6-4318-9451-38e656f7a3ea,account.contact,resell,,,high,low,7,Porkbun LLC,09/12/2020 16:01,09/12/2026 16:01,05/10/2026 00:37
a70b33c9-5fc2-4fce-8ab2-25934c61e465,banking.clothing,available,10.92,26.97,high,low,7,dynadot,,,29/09/2026 01:02
7d2e82a5-0040-4ef0-b843-63905e7350e5,banking.vana,available,2140.22,2140.22,high,low,7,dynadot,,,29/09/2026 01:02
ba5af02d-2f49-4207-bd66-ceac7f771c90,banking.contractors,premium,118.8,118.8,high,low,7,namesilo,,,29/09/2026 01:02
4f3d470b-6725-4c0c-a3d7-26f8e794d2f6,investment.gives,available,21.7,21.7,high,low,10,cloudflare,,,08/10/2026 16:18
0bdb964d-648e-4574-a5ec-348cea0e64c7,loan.boo,premium,1298.7,1298.7,high,low,4,namecheap,,,25/09/2026 09:02
5044783f-78b9-4d2e-88a2-5651b14fdd5b,loan.attorney,premium,1107,1107,high,low,4,namesilo,,,25/09/2026 09:02
2a966247-d85c-4d0f-91d8-d6fbe96e2641,account.london,available,10.18,28.2,high,low,7,spaceship,,,05/10/2026 00:37
a641e333-53f1-499c-bcdb-634187e5186c,banking.ski,premium,118.8,118.8,high,low,7,namesilo,,,29/09/2026 01:02
34393441-660a-49b8-b5bf-26086ed7e456,banking.careers,premium,520,520,high,low,7,namecheap,,,29/09/2026 01:02
fe8c5c54-c03d-4beb-90d9-27cf81116b71,investment.luxe,premium,2070.2,15.73,high,low,10,spaceship,,,08/10/2026 16:18
a57d9ec2-f848-4477-abdf-494712268863,finance.studio,premium,,,high,medium,7,"GoDaddy.com, LLC",25/06/2020 20:10,25/06/2027 20:10,09/10/2026 18:59
cec474ab-d57b-4bdb-8f71-c6ebf4c869d1,finance.accountants,premium,512,512,high,medium,7,namesilo,,,09/10/2026 18:59
7cfae97e-baa2-44d8-a1a8-434548c222db,investment.lifestyle,premium,724.7,1035.2,high,low,10,spaceship,,,08/10/2026 16:18
064f15a8-1802-4dd8-af06-aa34722e1a51,banking.click,premium,110,110,high,low,7,dynadot,,,29/09/2026 01:02
52fac766-e05c-4a47-ab9f-d75d569329b9,finance.show,resell,,,high,medium,7,"Xiamen ChinaSource Internet Service Co., Ltd",14/10/2024 15:15,14/10/2027 15:15,09/10/2026 18:59
fdc6f6ed-46ab-448f-9507-f108acc3c38b,banking.foo,premium,257.92,257.92,high,low,7,spaceship,,,29/09/2026 01:02
f817e8e8-5411-430b-a420-caa7c43d8ac0,account.equipment,available,22.2,22.2,high,low,7,cloudflare,,,05/10/2026 00:37
2cefd453-57ec-4480-b037-9f3ea163f98e,account.graphics,available,23.99,23.99,high,low,7,namesilo,,,05/10/2026 00:37
c630651d-4648-46ae-8b47-64fe0c3cce80,finance.credit,resell,,,high,medium,7,"GoDaddy.com, LLC",04/09/2015 22:32,04/09/2027 22:32,09/10/2026 18:59
b98db73b-7716-4ae3-a4e3-f1f9726fd4c4,banking.porn,available,52.01,98.35,high,low,7,porkbun,,,29/09/2026 01:02
98050cb7-42ca-4b16-88bf-7df2fd991208,banking.rentals,available,6.41,35.39,high,low,7,spaceship,,,29/09/2026 01:02
1935f791-aa3f-428a-987f-02478a7322cb,investment.plumbing,available,72.99,72.99,high,low,10,namesilo,,,08/10/2026 16:18
4d3d3cb7-9d43-4da2-88ec-dddffc13e083,credit.pizza,available,5.38,51.95,high,low,6,spaceship,,,29/09/2026 09:26
6a95c957-5814-443d-8366-6bc8b54eca96,finance.tax,resell,,,high,medium,7,"Spaceship, Inc.",04/06/2026 17:54,04/06/2027 17:54,09/10/2026 18:59
4611a293-c831-4121-a151-fc2b8d723e73,loan.vision,premium,78.54,78.54,high,low,4,namesilo,,,25/09/2026 09:02
2840e85d-9631-4889-a557-47bff51f0f4e,transaction.mortgage,available,48.2,48.2,high,low,11,cloudflare,,,08/10/2026 02:59
1c6e5b9f-5572-4f9e-9abe-99aaab4406ab,banking.uno,premium,1107,1107,high,low,7,namesilo,,,29/09/2026 01:02